{"type":"FeatureCollection","name":"wcs_pdf_extracted_candidates_simplified","features":[{"type":"Feature","properties":{"id":"pdf-pa-01","name":"PDF extracted protected area 1","category":"PDF extracted candidate","source_layer":"Natural protected areas","review_status":"Needs admin review","original_vertices":300,"vertices":30,"bbox":[103.61002,10.35244,103.84456,10.57619]},"geometry":{"type":"Polygon","coordinates":[[[103.674474,10.573184],[103.696548,10.571324],[103.706987,10.57405],[103.720052,10.573909],[103.757374,10.570762],[103.762867,10.575637],[103.776597,10.557577],[103.783047,10.543816],[103.786254,10.54095],[103.807026,10.537369],[103.811799,10.540954],[103.814124,10.540525],[103.815149,10.538374],[103.813569,10.53479],[103.843952,10.49093],[103.844561,10.418394],[103.800904,10.352444],[103.631581,10.47541],[103.625293,10.484584],[103.618175,10.486016],[103.610025,10.490458],[103.611861,10.49992],[103.611065,10.513251],[103.615377,10.521136],[103.623329,10.527015],[103.625002,10.54006],[103.645296,10.573322],[103.659362,10.576191],[103.674183,10.573327],[103.674474,10.573184]]]}},{"type":"Feature","properties":{"id":"pdf-pa-02","name":"PDF extracted protected area 2","category":"PDF extracted candidate","source_layer":"Natural protected areas","review_status":"Needs admin review","original_vertices":656,"vertices":19,"bbox":[104.69849,12.29018,104.72234,12.32946]},"geometry":{"type":"Polygon","coordinates":[[[104.704924,12.320283],[104.708281,12.324154],[104.71281,12.324729],[104.714707,12.327166],[104.720118,12.323297],[104.720706,12.320286],[104.717355,12.310824],[104.722039,12.303657],[104.722343,12.292619],[104.709341,12.290179],[104.700713,12.296772],[104.700556,12.30652],[104.705371,12.312685],[104.700103,12.318992],[104.69849,12.324009],[104.699507,12.329456],[104.703018,12.326303],[104.704924,12.320426],[104.704924,12.320283]]]}},{"type":"Feature","properties":{"id":"pdf-pa-03","name":"PDF extracted protected area 3","category":"PDF extracted candidate","source_layer":"Natural protected areas","review_status":"Needs admin review","original_vertices":118,"vertices":14,"bbox":[104.7225,13.35932,104.7831,13.41667]},"geometry":{"type":"Polygon","coordinates":[[[104.762696,13.409214],[104.769004,13.410506],[104.776049,13.408071],[104.779423,13.409792],[104.783096,13.403915],[104.769457,13.396171],[104.776951,13.38241],[104.743224,13.364627],[104.746309,13.359897],[104.744989,13.359323],[104.739262,13.365343],[104.722503,13.398024],[104.758874,13.416668],[104.762696,13.409214]]]}},{"type":"Feature","properties":{"id":"pdf-pa-04","name":"PDF extracted protected area 4","category":"PDF extracted candidate","source_layer":"Natural protected areas","review_status":"Needs admin review","original_vertices":454,"vertices":32,"bbox":[102.57315,13.4857,102.61976,13.52469]},"geometry":{"type":"Polygon","coordinates":[[[102.619675,13.524695],[102.619756,13.515664],[102.610815,13.514228],[102.615247,13.511076],[102.609673,13.510644],[102.609111,13.507777],[102.601808,13.503762],[102.602998,13.502042],[102.607967,13.50448],[102.612095,13.502474],[102.615021,13.503478],[102.614225,13.49416],[102.605024,13.488997],[102.604447,13.48785],[102.6065,13.488138],[102.60432,13.4857],[102.596341,13.491576],[102.581366,13.492002],[102.585149,13.495587],[102.584645,13.502611],[102.581248,13.504904],[102.580547,13.50132],[102.576292,13.501175],[102.573155,13.507052],[102.577674,13.510493],[102.581645,13.509634],[102.582068,13.511641],[102.578098,13.512357],[102.584234,13.515512],[102.573517,13.515653],[102.573435,13.524684],[102.619675,13.524695]]]}},{"type":"Feature","properties":{"id":"pdf-pa-05","name":"PDF extracted protected area 5","category":"PDF extracted candidate","source_layer":"Natural protected areas","review_status":"Needs admin review","original_vertices":183,"vertices":24,"bbox":[105.03056,12.8307,105.04828,12.87571]},"geometry":{"type":"Polygon","coordinates":[[[105.038325,12.875423],[105.03979,12.87399],[105.038911,12.87184],[105.043304,12.870694],[105.047842,12.866681],[105.048281,12.862524],[105.045791,12.859799],[105.047987,12.858223],[105.044911,12.852631],[105.04242,12.839729],[105.035098,12.83471],[105.033195,12.835283],[105.033927,12.830696],[105.03056,12.833992],[105.033635,12.841734],[105.032611,12.844887],[105.034515,12.851769],[105.037884,12.857217],[105.038617,12.868686],[105.033053,12.870405],[105.032321,12.873415],[105.035836,12.873272],[105.038179,12.87571],[105.038325,12.875423]]]}},{"type":"Feature","properties":{"id":"pdf-pa-06","name":"PDF extracted protected area 6","category":"PDF extracted candidate","source_layer":"Natural protected areas","review_status":"Needs admin review","original_vertices":1771,"vertices":285,"bbox":[105.91992,12.83478,106.31614,13.31707]},"geometry":{"type":"Polygon","coordinates":[[[106.178827,13.317072],[106.17882,13.315495],[106.187915,13.31564],[106.188175,13.308329],[106.202699,13.309049],[106.202656,13.299588],[106.211603,13.29959],[106.200842,13.287545],[106.187008,13.276933],[106.182716,13.268331],[106.181812,13.26274],[106.196773,13.26346],[106.201718,13.25443],[106.183094,13.254425],[106.180595,13.252991],[106.18492,13.236363],[106.190164,13.228623],[106.189983,13.221025],[106.193054,13.219162],[106.175778,13.19192],[106.175699,13.174],[106.252371,13.174017],[106.25376,13.219749],[106.238078,13.221322],[106.23546,13.225766],[106.235495,13.233364],[106.258957,13.233369],[106.262155,13.227635],[106.271368,13.222477],[106.283089,13.220472],[106.289107,13.221907],[106.294495,13.214167],[106.299186,13.214025],[106.299163,13.209437],[106.308548,13.209583],[106.305229,13.220477],[106.311448,13.232664],[106.31614,13.232665],[106.315678,13.198546],[106.3082,13.198544],[106.308103,13.178904],[106.302936,13.171592],[106.223163,13.103049],[106.216999,13.101327],[106.206743,13.101898],[106.200595,13.103617],[106.182766,13.115082],[106.164445,13.115078],[106.163625,13.062035],[106.168167,13.061893],[106.169477,13.059886],[106.168133,13.054008],[106.20652,13.053013],[106.208382,13.075664],[106.306421,13.075686],[106.306229,13.066367],[106.30109,13.064359],[106.29988,13.056761],[106.297828,13.056617],[106.294429,13.050595],[106.297462,13.041708],[106.296707,13.03712],[106.291847,13.031958],[106.290356,13.026654],[106.222521,13.027499],[106.222539,13.03137],[106.192941,13.031363],[106.193005,13.045412],[106.174249,13.045408],[106.174135,13.019603],[106.177484,13.015017],[106.177444,13.006129],[106.172993,12.993512],[106.172806,12.984337],[106.116701,12.984898],[106.113261,13.003104],[106.113022,13.015863],[106.101423,13.009982],[106.101212,12.9945],[106.098886,12.9988],[106.094053,12.999229],[106.089233,13.002812],[106.088762,12.99507],[106.098144,12.996506],[106.103364,12.983605],[106.103547,12.957084],[106.070588,12.957077],[106.070689,12.982021],[106.072597,12.982738],[106.068961,12.989332],[106.0753,12.999081],[106.081741,12.997936],[106.081899,13.00066],[106.076487,13.002809],[106.078169,13.020012],[106.07644,13.02718],[106.085806,13.024458],[106.087427,13.026896],[106.08539,13.030336],[106.09053,13.033204],[106.094072,13.039369],[106.103431,13.034784],[106.107268,13.041379],[106.103331,13.045966],[106.113895,13.049265],[106.115993,13.060448],[106.112489,13.063314],[106.109833,13.059013],[106.105445,13.060875],[106.101817,13.069619],[106.097726,13.072342],[106.095087,13.072198],[106.093737,13.064743],[106.089339,13.064169],[106.08067,13.058576],[106.073208,13.061298],[106.072954,13.070903],[106.06885,13.070902],[106.071798,13.07506],[106.061091,13.072621],[106.067508,13.065168],[106.077737,13.058002],[106.081223,13.050405],[106.073809,13.028756],[106.07581,13.016571],[106.074724,13.001662],[106.064841,12.984887],[106.067176,12.982737],[106.064686,12.982736],[106.06157,12.972987],[106.059375,12.973417],[106.056565,12.966679],[106.059345,12.965962],[106.036063,12.893562],[106.035851,12.839373],[106.025016,12.83937],[106.024999,12.834783],[106.003329,12.834778],[106.003046,12.837358],[106.009219,12.843524],[106.009536,12.849689],[106.012756,12.849546],[106.0135,12.852557],[106.006806,12.86345],[106.005526,12.873485],[106.006707,12.875922],[106.016684,12.880942],[106.033135,12.893848],[106.038323,12.909618],[106.030862,12.911624],[106.029113,12.913917],[106.01945,12.914632],[106.015924,12.911907],[106.01119,12.899577],[106.007823,12.899863],[106.023849,12.953913],[106.023854,12.955203],[106.021508,12.954772],[106.022704,12.960793],[106.030257,12.982012],[106.013849,12.982008],[106.006063,12.976129],[105.995366,12.975266],[105.977326,12.969528],[105.979363,12.965658],[105.977745,12.963937],[105.978616,12.961787],[105.974358,12.959062],[105.970419,12.963506],[105.972046,12.967807],[105.965743,12.966515],[105.965896,12.968379],[105.964138,12.968378],[105.956931,13.000776],[105.988333,13.053395],[105.987757,13.095398],[105.985112,13.093534],[105.982482,13.095827],[105.98525,13.091384],[105.98291,13.092673],[105.982023,13.090523],[105.976893,13.090378],[105.974972,13.086077],[105.971752,13.087223],[105.972204,13.090521],[105.968245,13.089946],[105.965421,13.079337],[105.965991,13.07475],[105.958369,13.074461],[105.963195,13.071595],[105.961091,13.057259],[105.953016,13.052957],[105.951529,13.046935],[105.949333,13.047508],[105.949637,13.050376],[105.947591,13.052095],[105.949765,13.045215],[105.950063,13.046648],[105.952113,13.046219],[105.949003,13.037187],[105.9528,13.03346],[105.951032,13.030736],[105.949528,13.020127],[105.950837,13.01726],[105.943054,12.971098],[105.927662,12.968227],[105.927822,12.972098],[105.919915,12.973099],[105.927194,13.001772],[105.924735,13.010947],[105.928616,13.031304],[105.926288,13.036178],[105.928942,13.040623],[105.93003,13.058399],[105.946738,13.059406],[105.945328,13.115745],[105.959268,13.120336],[105.96104,13.164204],[105.962935,13.161337],[105.970565,13.163202],[105.970555,13.160479],[105.974358,13.158186],[105.977258,13.149728],[105.984692,13.138405],[105.982768,13.133387],[105.988627,13.132241],[105.990833,13.134249],[105.993463,13.132099],[105.995254,13.140414],[105.995705,13.143425],[105.961505,13.171372],[105.960343,13.174382],[105.964299,13.173523],[105.963427,13.175816],[105.966228,13.180117],[105.964968,13.196317],[105.967079,13.212373],[105.969579,13.214237],[105.98408,13.21037],[105.999437,13.200338],[106.005734,13.198189],[106.017789,13.206937],[106.02583,13.200774],[106.028144,13.192747],[106.088695,13.19276],[106.104359,13.222296],[106.122635,13.209971],[106.126678,13.195349],[106.119789,13.195778],[106.11888,13.188897],[106.127656,13.183881],[106.129102,13.179294],[106.12643,13.171552],[106.118776,13.164096],[106.109182,13.148468],[106.106346,13.136282],[106.107795,13.132268],[106.115838,13.127969],[106.134201,13.137435],[106.140538,13.145321],[106.145293,13.126399],[106.149842,13.127546],[106.150298,13.131274],[106.157332,13.130989],[106.152233,13.138155],[106.149875,13.135288],[106.147685,13.137294],[106.147282,13.145752],[106.143503,13.153206],[106.143972,13.159801],[106.139728,13.16152],[106.136732,13.180729],[106.137038,13.18374],[106.162704,13.186039],[106.140578,13.222877],[106.130044,13.262585],[106.128354,13.279071],[106.131276,13.276491],[106.131732,13.280218],[106.129682,13.280935],[106.139005,13.30029],[106.155911,13.309325],[106.170444,13.312052],[106.174564,13.31492],[106.178827,13.317072]]]}},{"type":"Feature","properties":{"id":"pdf-pa-07","name":"PDF extracted protected area 7","category":"PDF extracted candidate","source_layer":"Natural protected areas","review_status":"Needs admin review","original_vertices":27,"vertices":18,"bbox":[103.75379,13.37103,103.96373,13.45948]},"geometry":{"type":"Polygon","coordinates":[[[103.921281,13.459482],[103.921617,13.449161],[103.963587,13.449457],[103.963731,13.412616],[103.929692,13.411891],[103.92971,13.407304],[103.924281,13.407446],[103.892808,13.38952],[103.893032,13.371028],[103.845351,13.37116],[103.831666,13.380475],[103.831734,13.39825],[103.774805,13.398237],[103.753907,13.411708],[103.753791,13.436364],[103.834354,13.436526],[103.834548,13.459176],[103.921281,13.459482]]]}},{"type":"Feature","properties":{"id":"pdf-pa-08","name":"PDF extracted protected area 8","category":"PDF extracted candidate","source_layer":"Natural protected areas","review_status":"Needs admin review","original_vertices":149,"vertices":18,"bbox":[104.52082,10.44117,104.53856,10.47313]},"geometry":{"type":"Polygon","coordinates":[[[104.528951,10.465536],[104.529543,10.458941],[104.526932,10.458511],[104.5265,10.456647],[104.529406,10.454784],[104.529689,10.458655],[104.538562,10.446185],[104.534653,10.441166],[104.532326,10.444176],[104.532607,10.449481],[104.521715,10.455069],[104.52373,10.463814],[104.520822,10.467254],[104.524308,10.465391],[104.529663,10.473133],[104.531408,10.471127],[104.529096,10.465679],[104.528951,10.465536]]]}},{"type":"Feature","properties":{"id":"pdf-pa-09","name":"PDF extracted protected area 9","category":"PDF extracted candidate","source_layer":"Natural protected areas","review_status":"Needs admin review","original_vertices":966,"vertices":132,"bbox":[102.89686,13.93492,103.33235,14.33851]},"geometry":{"type":"Polygon","coordinates":[[[103.301046,14.338511],[103.311976,14.309843],[103.311631,14.294648],[103.316593,14.278307],[103.319407,14.275584],[103.319901,14.26727],[103.322141,14.26211],[103.332352,14.253511],[103.332072,14.251218],[103.329738,14.24792],[103.319427,14.249064],[103.311316,14.251499],[103.300364,14.260814],[103.290357,14.260382],[103.278119,14.263389],[103.272538,14.261524],[103.271544,14.255933],[103.267274,14.256076],[103.242616,14.245175],[103.233249,14.237145],[103.22751,14.237001],[103.223668,14.239293],[103.213669,14.237714],[103.201799,14.22997],[103.198598,14.224522],[103.191842,14.22237],[103.183403,14.208176],[103.146998,14.194549],[103.146428,14.14968],[103.157521,14.120153],[103.150964,14.110977],[103.142607,14.106818],[103.136467,14.101226],[103.137021,14.085171],[103.129247,14.082015],[103.108937,14.062658],[103.107066,14.056923],[103.102832,14.052478],[103.100184,14.052478],[103.089536,14.019505],[103.078357,13.999433],[103.072218,13.974059],[103.06425,13.957571],[103.062404,13.948683],[103.05922,13.941658],[103.051892,13.938503],[103.051624,13.934919],[103.014152,13.952112],[102.989102,13.978769],[102.967427,13.986505],[102.943455,13.986929],[102.940202,13.989222],[102.925772,13.991656],[102.91603,13.996241],[102.910148,13.996239],[102.898042,14.002257],[102.901697,14.004982],[102.906689,14.005986],[102.908464,14.004697],[102.911089,14.007421],[102.907393,14.01],[102.906151,14.018314],[102.900512,14.02462],[102.902848,14.026771],[102.902527,14.030211],[102.898685,14.032504],[102.899536,14.036518],[102.896856,14.040675],[102.897956,14.050279],[102.901588,14.056014],[102.899944,14.059311],[102.899842,14.072212],[102.907103,14.084255],[102.910195,14.083826],[102.919401,14.091713],[102.919242,14.093289],[102.922032,14.093863],[102.923908,14.098594],[102.924177,14.12067],[102.935576,14.130564],[102.940216,14.13931],[102.933433,14.160237],[102.928254,14.163963],[102.940091,14.174574],[102.938106,14.183748],[102.944999,14.186903],[102.950612,14.184181],[102.956339,14.185759],[102.95141,14.195219],[102.964027,14.200383],[102.970958,14.198521],[102.985495,14.202825],[102.98963,14.200962],[102.998449,14.202398],[103.002373,14.208993],[103.002056,14.212003],[103.00692,14.211001],[103.011717,14.21903],[103.016571,14.219461],[103.021885,14.217312],[103.032708,14.226632],[103.031155,14.237526],[103.037472,14.239248],[103.056443,14.261615],[103.056063,14.27337],[103.073437,14.272944],[103.078104,14.278966],[103.077042,14.283266],[103.088085,14.283126],[103.099684,14.287429],[103.112063,14.285568],[103.123958,14.289872],[103.130264,14.293314],[103.12801,14.299764],[103.128257,14.306501],[103.142043,14.314246],[103.146021,14.313817],[103.152587,14.301203],[103.162182,14.318838],[103.171436,14.321994],[103.189562,14.319561],[103.203447,14.312971],[103.213301,14.31455],[103.218634,14.309677],[103.226267,14.313119],[103.236809,14.32201],[103.246071,14.324019],[103.261454,14.335777],[103.276029,14.336211],[103.281344,14.333919],[103.297958,14.337793],[103.301046,14.338511]]]}},{"type":"Feature","properties":{"id":"pdf-pa-10","name":"PDF extracted protected area 10","category":"PDF extracted candidate","source_layer":"Natural protected areas","review_status":"Needs admin review","original_vertices":35,"vertices":11,"bbox":[104.97701,10.68725,105.06952,10.77225]},"geometry":{"type":"Polygon","coordinates":[[[105.051092,10.768394],[105.051234,10.752625],[105.065905,10.752771],[105.065031,10.741016],[105.069387,10.736286],[105.069525,10.708045],[105.033358,10.687252],[104.977011,10.687385],[104.978311,10.772252],[105.040342,10.768966],[105.051092,10.768394]]]}},{"type":"Feature","properties":{"id":"pdf-pa-11","name":"PDF extracted protected area 11","category":"PDF extracted candidate","source_layer":"Natural protected areas","review_status":"Needs admin review","original_vertices":361,"vertices":37,"bbox":[104.24351,12.71528,104.3587,12.85046]},"geometry":{"type":"Polygon","coordinates":[[[104.291571,12.849743],[104.324844,12.835701],[104.329662,12.841007],[104.33742,12.842012],[104.3399,12.845596],[104.352074,12.836998],[104.353402,12.832984],[104.354298,12.825673],[104.350525,12.811767],[104.357028,12.786825],[104.356161,12.781807],[104.353381,12.781377],[104.357195,12.77808],[104.354725,12.770769],[104.355618,12.764318],[104.3587,12.761165],[104.355779,12.758441],[104.351422,12.744535],[104.345722,12.741236],[104.344863,12.733352],[104.342528,12.730627],[104.344149,12.726327],[104.309492,12.715281],[104.278026,12.715848],[104.269205,12.730468],[104.263188,12.736201],[104.253178,12.756698],[104.247169,12.759277],[104.246137,12.761857],[104.251386,12.769313],[104.249869,12.787805],[104.243511,12.810167],[104.24554,12.817478],[104.261889,12.834541],[104.281026,12.850457],[104.291424,12.849886],[104.291571,12.849743]]]}},{"type":"Feature","properties":{"id":"pdf-pa-12","name":"PDF extracted protected area 12","category":"PDF extracted candidate","source_layer":"Natural protected areas","review_status":"Needs admin review","original_vertices":57,"vertices":12,"bbox":[107.00751,13.71179,107.02369,13.72827]},"geometry":{"type":"Polygon","coordinates":[[[107.018757,13.727844],[107.023685,13.719101],[107.023063,13.714513],[107.017313,13.711788],[107.009978,13.713076],[107.007515,13.717663],[107.007984,13.721391],[107.011369,13.722252],[107.01035,13.723398],[107.013907,13.727557],[107.018173,13.728274],[107.018757,13.727844]]]}},{"type":"Feature","properties":{"id":"pdf-pa-13","name":"PDF extracted protected area 13","category":"PDF extracted candidate","source_layer":"Natural protected areas","review_status":"Needs admin review","original_vertices":45,"vertices":13,"bbox":[105.72618,13.78403,105.74935,13.80324]},"geometry":{"type":"Polygon","coordinates":[[[105.726178,13.801658],[105.727931,13.798074],[105.726457,13.796497],[105.731885,13.792914],[105.734509,13.785604],[105.742733,13.784029],[105.743033,13.785893],[105.749355,13.787184],[105.741734,13.794494],[105.740583,13.803238],[105.734843,13.79994],[105.726621,13.802661],[105.726178,13.801658]]]}},{"type":"Feature","properties":{"id":"pdf-pa-14","name":"PDF extracted protected area 14","category":"PDF extracted candidate","source_layer":"Natural protected areas","review_status":"Needs admin review","original_vertices":270,"vertices":22,"bbox":[102.86313,12.87911,102.90664,12.91064]},"geometry":{"type":"Polygon","coordinates":[[[102.875698,12.901039],[102.880054,12.905627],[102.894725,12.902477],[102.904811,12.904916],[102.902671,12.897748],[102.906637,12.896172],[102.900839,12.888573],[102.898929,12.889433],[102.888884,12.881976],[102.881877,12.879108],[102.873381,12.879536],[102.870275,12.883262],[102.872884,12.886703],[102.87184,12.888997],[102.86746,12.887419],[102.864363,12.889998],[102.863132,12.897452],[102.867041,12.903044],[102.866102,12.910498],[102.868444,12.910642],[102.87466,12.902615],[102.875698,12.901039]]]}},{"type":"Feature","properties":{"id":"pdf-pa-15","name":"PDF extracted protected area 15","category":"PDF extracted candidate","source_layer":"Natural protected areas","review_status":"Needs admin review","original_vertices":259,"vertices":48,"bbox":[103.54144,10.59711,103.62421,10.70161]},"geometry":{"type":"Polygon","coordinates":[[[103.603403,10.698747],[103.612463,10.68814],[103.613068,10.683553],[103.610187,10.679109],[103.611806,10.675095],[103.624211,10.663486],[103.621494,10.655314],[103.612939,10.653019],[103.613404,10.647429],[103.610703,10.636533],[103.606781,10.636819],[103.603335,10.629651],[103.605839,10.622771],[103.605142,10.617467],[103.598922,10.613165],[103.597488,10.609724],[103.602625,10.599261],[103.600023,10.59711],[103.584334,10.598971],[103.584178,10.601121],[103.579523,10.60284],[103.579631,10.609578],[103.569169,10.611296],[103.56916,10.612873],[103.564514,10.612872],[103.564643,10.615883],[103.560723,10.615882],[103.560113,10.621186],[103.562846,10.625917],[103.555574,10.628066],[103.561068,10.632367],[103.558735,10.63423],[103.545969,10.632078],[103.547414,10.633512],[103.545239,10.632938],[103.541441,10.636951],[103.542861,10.642829],[103.546639,10.642256],[103.550253,10.645124],[103.560138,10.669638],[103.565201,10.673223],[103.568212,10.680248],[103.58237,10.693869],[103.59005,10.697167],[103.593248,10.696595],[103.599321,10.701613],[103.601797,10.700323],[103.603403,10.698747]]]}},{"type":"Feature","properties":{"id":"pdf-pa-16","name":"PDF extracted protected area 16","category":"PDF extracted candidate","source_layer":"Natural protected areas","review_status":"Needs admin review","original_vertices":459,"vertices":55,"bbox":[102.97653,11.38544,103.15247,11.52577]},"geometry":{"type":"Polygon","coordinates":[[[103.08152,11.465145],[103.088656,11.46529],[103.093007,11.467871],[103.10574,11.459416],[103.111571,11.4587],[103.112908,11.455117],[103.120618,11.456408],[103.128798,11.453113],[103.146242,11.437204],[103.148079,11.42459],[103.152465,11.422154],[103.138109,11.413407],[103.132332,11.406668],[103.118628,11.408816],[103.107148,11.405373],[103.09819,11.395623],[103.085988,11.391464],[103.080499,11.385442],[103.078895,11.385728],[103.077646,11.397196],[103.074885,11.396479],[103.069849,11.388164],[103.066947,11.38673],[103.059902,11.394326],[103.047934,11.398051],[103.046455,11.401061],[103.050339,11.407512],[103.046672,11.411095],[103.045018,11.418119],[103.039911,11.419408],[103.037409,11.422991],[103.034207,11.422704],[103.020462,11.41066],[103.014356,11.409369],[103.011132,11.412092],[103.009595,11.422699],[103.004356,11.422268],[103.002302,11.424275],[103.004457,11.428146],[103.007095,11.425852],[103.011312,11.426713],[103.012444,11.431157],[103.012104,11.437608],[103.007343,11.450939],[102.976533,11.498955],[102.994617,11.515444],[103.006967,11.51989],[103.037954,11.525773],[103.033698,11.510434],[103.04675,11.498825],[103.050165,11.490082],[103.077034,11.481056],[103.077426,11.467294],[103.079186,11.465575],[103.08152,11.465145]]]}},{"type":"Feature","properties":{"id":"pdf-pa-17","name":"PDF extracted protected area 17","category":"PDF extracted candidate","source_layer":"Natural protected areas","review_status":"Needs admin review","original_vertices":25,"vertices":14,"bbox":[103.14117,10.51119,103.37466,10.83944]},"geometry":{"type":"Polygon","coordinates":[[[103.207586,10.835144],[103.272128,10.809066],[103.341365,10.773815],[103.368748,10.575279],[103.374658,10.511775],[103.29992,10.511189],[103.154557,10.709846],[103.141166,10.795997],[103.144514,10.815637],[103.15127,10.826103],[103.161095,10.833989],[103.170658,10.837861],[103.184888,10.83944],[103.207586,10.835144]]]}},{"type":"Feature","properties":{"id":"pdf-pa-18","name":"PDF extracted protected area 18","category":"PDF extracted candidate","source_layer":"Natural protected areas","review_status":"Needs admin review","original_vertices":13,"vertices":6,"bbox":[104.24141,13.74999,104.2641,13.78669]},"geometry":{"type":"Polygon","coordinates":[[[104.246555,13.75042],[104.247879,13.74999],[104.264101,13.780958],[104.258355,13.786691],[104.241408,13.752139],[104.246555,13.75042]]]}},{"type":"Feature","properties":{"id":"pdf-pa-19","name":"PDF extracted protected area 19","category":"PDF extracted candidate","source_layer":"Natural protected areas","review_status":"Needs admin review","original_vertices":44,"vertices":15,"bbox":[106.41424,13.12273,106.45306,13.1613]},"geometry":{"type":"Polygon","coordinates":[[[106.427918,13.159147],[106.419091,13.153124],[106.415985,13.147963],[106.414237,13.122731],[106.423911,13.122733],[106.43217,13.132054],[106.431771,13.139652],[106.435457,13.143523],[106.453063,13.146537],[106.452505,13.151698],[106.444192,13.159581],[106.436561,13.158002],[106.434087,13.161299],[106.431301,13.161155],[106.427918,13.159147]]]}},{"type":"Feature","properties":{"id":"pdf-pa-20","name":"PDF extracted protected area 20","category":"PDF extracted candidate","source_layer":"Natural protected areas","review_status":"Needs admin review","original_vertices":225,"vertices":40,"bbox":[107.4366,13.76221,107.49421,13.96822]},"geometry":{"type":"Polygon","coordinates":[[[107.457145,13.968219],[107.455113,13.923347],[107.459049,13.919764],[107.460327,13.91489],[107.471206,13.914893],[107.474848,13.911309],[107.472561,13.902564],[107.472097,13.884214],[107.459043,13.871451],[107.455742,13.864139],[107.459228,13.859696],[107.473552,13.851098],[107.475128,13.846654],[107.468095,13.833176],[107.457407,13.821705],[107.457661,13.817404],[107.463613,13.809521],[107.461321,13.800058],[107.453274,13.787871],[107.475896,13.771389],[107.487784,13.769959],[107.494208,13.765659],[107.485269,13.768094],[107.485526,13.764224],[107.475554,13.766228],[107.476104,13.762214],[107.450557,13.780129],[107.436598,13.780125],[107.436889,13.811808],[107.449683,13.812815],[107.449639,13.823997],[107.46335,13.844501],[107.443946,13.860122],[107.449989,13.8779],[107.459333,13.886934],[107.459496,13.904568],[107.445847,13.922915],[107.445823,13.968217],[107.456998,13.968219],[107.457145,13.968219]]]}},{"type":"Feature","properties":{"id":"pdf-pa-21","name":"PDF extracted protected area 21","category":"PDF extracted candidate","source_layer":"Natural protected areas","review_status":"Needs admin review","original_vertices":1370,"vertices":150,"bbox":[103.04508,10.86428,103.48115,11.42215]},"geometry":{"type":"Polygon","coordinates":[[[103.178046,11.408397],[103.188304,11.399081],[103.200865,11.393493],[103.20428,11.383889],[103.219926,11.374144],[103.250395,11.36856],[103.258401,11.368848],[103.260595,11.367271],[103.262396,11.359244],[103.27368,11.348065],[103.286638,11.325705],[103.295257,11.320976],[103.310862,11.316678],[103.355491,11.2334],[103.363125,11.22265],[103.364651,11.211326],[103.377259,11.196133],[103.377037,11.184952],[103.380277,11.178645],[103.388578,11.177356],[103.397332,11.173344],[103.423679,11.171342],[103.435336,11.168334],[103.44514,11.158875],[103.448772,11.159736],[103.460059,11.145403],[103.47707,11.146983],[103.481152,11.14555],[103.472223,11.129923],[103.470385,11.120748],[103.465343,11.112289],[103.454336,11.104116],[103.443797,11.090783],[103.439015,11.087771],[103.445276,11.086626],[103.465892,11.093081],[103.46823,11.091217],[103.46857,11.08276],[103.465128,11.074445],[103.449501,11.060823],[103.445893,11.031436],[103.439838,11.022547],[103.426774,10.994448],[103.422392,10.973518],[103.413603,10.960471],[103.410903,10.950149],[103.410398,10.937391],[103.414395,10.925493],[103.420266,10.916033],[103.419073,10.896967],[103.424817,10.884354],[103.424409,10.879623],[103.408409,10.88177],[103.40711,10.880337],[103.408457,10.873886],[103.406118,10.876179],[103.394536,10.868866],[103.389164,10.868005],[103.386862,10.864277],[103.383665,10.864277],[103.384596,10.878325],[103.398232,10.882485],[103.394717,10.886785],[103.379307,10.887499],[103.378002,10.887069],[103.380217,10.881335],[103.383581,10.877895],[103.381908,10.866427],[103.375779,10.87044],[103.366634,10.868718],[103.366603,10.897101],[103.329748,10.933219],[103.311432,10.933215],[103.292999,10.951274],[103.238049,10.951264],[103.183472,10.897067],[103.165305,10.897064],[103.164675,10.987231],[103.182848,10.987378],[103.182619,11.041564],[103.164296,11.041561],[103.16417,11.059623],[103.182224,11.077688],[103.181851,11.131731],[103.16354,11.149933],[103.163289,11.185914],[103.091847,11.185901],[103.08564,11.199088],[103.075352,11.213134],[103.065603,11.212989],[103.063153,11.209835],[103.052273,11.205245],[103.045083,11.213272],[103.047403,11.214419],[103.049692,11.219723],[103.05435,11.219581],[103.056639,11.224885],[103.065202,11.228041],[103.068554,11.227324],[103.069851,11.229045],[103.067451,11.238792],[103.06333,11.245099],[103.065473,11.250547],[103.070853,11.251121],[103.075033,11.256712],[103.068344,11.275777],[103.072121,11.276781],[103.075923,11.274345],[103.086526,11.277357],[103.088583,11.274777],[103.091333,11.276928],[103.093041,11.282232],[103.092726,11.285529],[103.089509,11.287536],[103.090361,11.290546],[103.099406,11.287681],[103.10304,11.288398],[103.10606,11.293416],[103.115209,11.296428],[103.118228,11.301733],[103.116311,11.305173],[103.117454,11.308183],[103.132349,11.301592],[103.143351,11.310195],[103.137139,11.324099],[103.13244,11.329832],[103.132564,11.332843],[103.135599,11.335997],[103.133102,11.33915],[103.129163,11.340296],[103.126118,11.338575],[103.119565,11.338717],[103.107243,11.331404],[103.102139,11.33255],[103.10138,11.33685],[103.093049,11.341436],[103.089055,11.350036],[103.08648,11.363797],[103.083857,11.384153],[103.085123,11.390317],[103.09819,11.395623],[103.104683,11.403939],[103.113685,11.407668],[103.118628,11.408816],[103.133348,11.407098],[103.138109,11.413407],[103.152465,11.422154],[103.16224,11.419575],[103.175116,11.410833],[103.178046,11.408397]]]}},{"type":"Feature","properties":{"id":"pdf-pa-22","name":"PDF extracted protected area 22","category":"PDF extracted candidate","source_layer":"Natural protected areas","review_status":"Needs admin review","original_vertices":567,"vertices":70,"bbox":[102.94735,11.45483,103.14598,11.59243]},"geometry":{"type":"Polygon","coordinates":[[[103.027138,11.588845],[103.030902,11.592143],[103.031649,11.589706],[103.035432,11.590567],[103.032991,11.585693],[103.037238,11.582827],[103.036082,11.581536],[103.038038,11.573222],[103.036163,11.570642],[103.03764,11.567918],[103.039752,11.57781],[103.045424,11.579388],[103.048064,11.577095],[103.051152,11.573225],[103.05045,11.569641],[103.05238,11.564911],[103.059463,11.552728],[103.062078,11.553875],[103.061687,11.56735],[103.064859,11.571938],[103.07805,11.581401],[103.083729,11.581976],[103.094083,11.580974],[103.09709,11.568073],[103.103492,11.569365],[103.107877,11.567502],[103.115788,11.561626],[103.124408,11.558331],[103.126937,11.551021],[103.137737,11.548442],[103.14432,11.544717],[103.145975,11.537263],[103.135468,11.519055],[103.134115,11.504433],[103.131388,11.498699],[103.12357,11.491816],[103.123005,11.489379],[103.128305,11.481496],[103.139565,11.475334],[103.140609,11.471894],[103.138307,11.46788],[103.122796,11.457412],[103.114075,11.45483],[103.111588,11.456406],[103.111571,11.4587],[103.10574,11.459416],[103.093007,11.467871],[103.085165,11.464572],[103.07787,11.466291],[103.077034,11.481056],[103.050165,11.490082],[103.04675,11.498825],[103.033698,11.510434],[103.037954,11.525773],[103.006967,11.51989],[102.994617,11.515444],[102.976533,11.498955],[102.952098,11.531491],[102.947347,11.542958],[102.970881,11.570916],[102.993173,11.571207],[103.005717,11.569489],[103.013848,11.573361],[103.031901,11.575515],[103.03173,11.578812],[103.027777,11.581391],[103.022161,11.591855],[103.023759,11.592428],[103.02699,11.589132],[103.027138,11.588845]]]}},{"type":"Feature","properties":{"id":"pdf-pa-23","name":"PDF extracted protected area 23","category":"PDF extracted candidate","source_layer":"Natural protected areas","review_status":"Needs admin review","original_vertices":1800,"vertices":238,"bbox":[103.82841,11.53456,104.35784,12.21754]},"geometry":{"type":"Polygon","coordinates":[[[104.217345,12.203491],[104.21666,12.188296],[104.22311,12.180413],[104.228088,12.176256],[104.230717,12.176257],[104.232479,12.172817],[104.253388,12.16422],[104.255589,12.16078],[104.252831,12.154759],[104.255938,12.140281],[104.260471,12.138275],[104.262681,12.131251],[104.274379,12.125376],[104.283307,12.117636],[104.284339,12.114196],[104.29193,12.114628],[104.304327,12.120221],[104.306802,12.123089],[104.312934,12.123233],[104.316884,12.12051],[104.336023,12.116214],[104.338099,12.103743],[104.333743,12.093994],[104.333217,12.070914],[104.341263,12.064464],[104.341422,12.059304],[104.345519,12.055291],[104.339832,12.052709],[104.33048,12.056578],[104.310627,12.056],[104.296814,12.035355],[104.311294,12.024176],[104.31772,12.02303],[104.340088,12.0087],[104.343609,12.001533],[104.35224,11.993507],[104.357839,11.971718],[104.357716,11.962113],[104.336754,11.941466],[104.32233,11.932862],[104.312477,11.906483],[104.30273,11.895586],[104.284819,11.882968],[104.270835,11.875511],[104.262087,11.873502],[104.245889,11.875362],[104.236714,11.870056],[104.216594,11.866182],[104.201852,11.868902],[104.193257,11.864887],[104.181438,11.865888],[104.176342,11.862733],[104.171091,11.862732],[104.166736,11.855993],[104.163087,11.856566],[104.156978,11.851117],[104.155971,11.846673],[104.16021,11.843951],[104.158909,11.84008],[104.161247,11.83879],[104.162286,11.833199],[104.165501,11.83148],[104.168747,11.819582],[104.165849,11.813561],[104.165432,11.806967],[104.168232,11.797936],[104.166937,11.792345],[104.170456,11.786181],[104.16813,11.783887],[104.168296,11.77758],[104.16291,11.774425],[104.162202,11.767831],[104.156226,11.767113],[104.1539,11.764818],[104.148358,11.764961],[104.14502,11.760086],[104.136865,11.756644],[104.128333,11.735139],[104.131691,11.73385],[104.133453,11.72998],[104.128215,11.726681],[104.130555,11.724532],[104.129689,11.721951],[104.132611,11.720088],[104.131748,11.716504],[104.134959,11.715358],[104.138042,11.709051],[104.141835,11.708192],[104.14214,11.704178],[104.145213,11.700451],[104.143481,11.69529],[104.146542,11.695291],[104.145401,11.687406],[104.143223,11.684682],[104.143962,11.681815],[104.134067,11.676222],[104.131603,11.671921],[104.129879,11.664323],[104.131778,11.663034],[104.128881,11.657586],[104.133118,11.654433],[104.133282,11.648985],[104.13767,11.644399],[104.137104,11.639238],[104.140017,11.639812],[104.138722,11.634794],[104.14164,11.633648],[104.139314,11.631928],[104.143694,11.629635],[104.146478,11.625048],[104.152746,11.624619],[104.153929,11.619315],[104.139213,11.618166],[104.140098,11.614869],[104.136319,11.611714],[104.137639,11.609277],[104.131952,11.61028],[104.129919,11.607986],[104.12816,11.610996],[104.124519,11.610422],[104.120458,11.604543],[104.121485,11.602537],[104.120035,11.600386],[104.117843,11.601963],[104.111873,11.600528],[104.111588,11.598664],[104.106638,11.597373],[104.10621,11.594649],[104.103731,11.594935],[104.10342,11.600813],[104.097463,11.595508],[104.094545,11.596654],[104.094095,11.600381],[104.093082,11.598087],[104.087985,11.597226],[104.087855,11.592639],[104.08378,11.591204],[104.083646,11.587764],[104.07622,11.585899],[104.072563,11.590055],[104.06994,11.589911],[104.050587,11.582167],[104.059082,11.569983],[104.036856,11.5512],[103.996848,11.535423],[103.9715,11.534558],[103.963453,11.543301],[103.945182,11.557776],[103.942243,11.564083],[103.934355,11.568812],[103.921983,11.601064],[103.91627,11.608374],[103.912614,11.611383],[103.897726,11.616828],[103.890835,11.626718],[103.877983,11.632879],[103.859529,11.653518],[103.848222,11.672582],[103.847258,11.826685],[103.856876,11.828551],[103.853209,11.83328],[103.858997,11.844033],[103.858807,11.854211],[103.855705,11.863242],[103.85013,11.870408],[103.848173,11.884313],[103.846272,11.885316],[103.843295,11.898934],[103.837553,11.910687],[103.837823,11.915561],[103.84072,11.920436],[103.832673,11.925452],[103.835495,11.947242],[103.832977,11.955556],[103.833977,11.960573],[103.828413,11.964729],[103.831177,11.966737],[103.83363,11.972901],[103.834474,11.980069],[103.836366,11.981216],[103.841773,11.979641],[103.847095,11.997417],[103.871064,12.023799],[103.907698,12.02481],[103.925333,12.031265],[103.940355,12.034421],[103.93169,12.083589],[103.913385,12.097061],[103.908328,12.119423],[103.921615,12.119712],[103.922796,12.116415],[103.925409,12.120286],[103.924665,12.123727],[103.92802,12.124587],[103.929323,12.127168],[103.927848,12.131038],[103.931194,12.133906],[103.931618,12.13749],[103.927952,12.14136],[103.942107,12.1438],[103.945914,12.14122],[103.952472,12.144662],[103.953905,12.151543],[103.958848,12.156991],[103.958834,12.160575],[103.952382,12.167168],[103.967678,12.177206],[103.974971,12.179644],[103.980381,12.178069],[103.990576,12.185525],[103.995388,12.187676],[103.997585,12.185957],[104.010705,12.192554],[104.01787,12.190405],[104.019616,12.192269],[104.038311,12.192273],[104.045475,12.19041],[104.051183,12.186971],[104.058232,12.135366],[104.060294,12.130492],[104.069666,12.122896],[104.077708,12.119888],[104.117125,12.122046],[104.142628,12.137677],[104.14767,12.159037],[104.156827,12.172658],[104.161314,12.185417],[104.158092,12.188284],[104.158061,12.197888],[104.159199,12.20735],[104.162395,12.213085],[104.171882,12.21538],[104.181702,12.204774],[104.186672,12.203342],[104.192352,12.20879],[104.21,12.217538],[104.217197,12.204208],[104.217345,12.203491]]]}},{"type":"Feature","properties":{"id":"pdf-pa-24","name":"PDF extracted protected area 24","category":"PDF extracted candidate","source_layer":"Natural protected areas","review_status":"Needs admin review","original_vertices":1645,"vertices":225,"bbox":[107.34596,12.23383,107.59267,12.69964]},"geometry":{"type":"Polygon","coordinates":[[[107.565853,12.699357],[107.57067,12.698067],[107.573209,12.688319],[107.576569,12.687747],[107.581611,12.679576],[107.580851,12.676709],[107.583198,12.677283],[107.585077,12.674846],[107.579488,12.671978],[107.578541,12.664809],[107.57384,12.662945],[107.574367,12.656924],[107.572266,12.651475],[107.576893,12.645885],[107.572036,12.642874],[107.572277,12.637569],[107.574746,12.635706],[107.574252,12.630115],[107.576851,12.626532],[107.575065,12.623377],[107.576647,12.620654],[107.581745,12.618361],[107.58069,12.615207],[107.584047,12.614347],[107.585167,12.609187],[107.587793,12.60847],[107.583812,12.605316],[107.588574,12.598579],[107.588954,12.592558],[107.584508,12.586679],[107.585774,12.581518],[107.583124,12.579797],[107.582358,12.576213],[107.585594,12.563168],[107.588216,12.562022],[107.588186,12.559011],[107.592671,12.553994],[107.580992,12.541233],[107.581257,12.538365],[107.578893,12.535928],[107.580443,12.529907],[107.575132,12.525175],[107.568085,12.522306],[107.565068,12.512844],[107.572181,12.507398],[107.570374,12.502093],[107.572866,12.502667],[107.573977,12.496646],[107.581104,12.492777],[107.582682,12.489623],[107.581338,12.486755],[107.519928,12.487029],[107.519757,12.469109],[107.513616,12.469108],[107.513077,12.396997],[107.548154,12.396574],[107.54638,12.394567],[107.548518,12.388833],[107.557294,12.374355],[107.555214,12.370914],[107.547719,12.366612],[107.550537,12.355717],[107.546934,12.345824],[107.539487,12.34654],[107.536502,12.340088],[107.530962,12.341377],[107.530024,12.335069],[107.52447,12.334924],[107.518882,12.331339],[107.51413,12.32331],[107.472612,12.305954],[107.470102,12.303087],[107.469449,12.295775],[107.466202,12.292334],[107.460171,12.288032],[107.448744,12.284732],[107.446668,12.281434],[107.446885,12.273263],[107.441114,12.265377],[107.444853,12.258926],[107.439384,12.252044],[107.436789,12.240001],[107.424526,12.240858],[107.420079,12.233833],[107.418238,12.24014],[107.401382,12.250029],[107.401426,12.254903],[107.389827,12.264649],[107.390601,12.269524],[107.389023,12.272677],[107.391561,12.278699],[107.386475,12.281708],[107.385518,12.28902],[107.380555,12.289592],[107.381039,12.29461],[107.377864,12.299053],[107.368869,12.306219],[107.36542,12.31267],[107.357986,12.314675],[107.352188,12.319978],[107.349037,12.327146],[107.347145,12.328006],[107.34596,12.326285],[107.347695,12.340621],[107.354296,12.343347],[107.361594,12.342345],[107.365428,12.346216],[107.367914,12.34636],[107.368164,12.357972],[107.370537,12.361844],[107.369386,12.36385],[107.379847,12.373171],[107.3793,12.377328],[107.382545,12.380626],[107.391509,12.385933],[107.392151,12.392241],[107.381428,12.402704],[107.386913,12.411163],[107.393506,12.412741],[107.394067,12.426361],[107.401882,12.433674],[107.400024,12.438404],[107.401503,12.440268],[107.400824,12.446003],[107.398181,12.444712],[107.397468,12.446719],[107.393089,12.447435],[107.393177,12.457183],[107.395388,12.459191],[107.391777,12.464064],[107.397423,12.473957],[107.395236,12.474674],[107.395723,12.479978],[107.392357,12.479691],[107.393418,12.483848],[107.388768,12.487001],[107.390849,12.490729],[107.385735,12.491158],[107.385027,12.493738],[107.388903,12.501911],[107.39331,12.504205],[107.389124,12.510226],[107.385475,12.510942],[107.385816,12.51639],[107.382616,12.518253],[107.381867,12.516245],[107.378506,12.516531],[107.374062,12.526566],[107.378583,12.525133],[107.383182,12.532445],[107.409943,12.532164],[107.409057,12.451022],[107.41242,12.451023],[107.418442,12.438122],[107.423255,12.436832],[107.430144,12.438841],[107.435039,12.44644],[107.435813,12.451171],[107.448971,12.451174],[107.451156,12.450314],[107.4479,12.446013],[107.449341,12.443719],[107.446816,12.439418],[107.448272,12.438845],[107.451404,12.44544],[107.454631,12.446588],[107.461249,12.43512],[107.472495,12.433976],[107.467122,12.437845],[107.466538,12.453615],[107.464401,12.459635],[107.454697,12.469525],[107.448099,12.483286],[107.449356,12.492749],[107.450997,12.49619],[107.483315,12.496483],[107.483398,12.505228],[107.489393,12.505229],[107.489952,12.549098],[107.480006,12.548953],[107.480171,12.566586],[107.461888,12.566582],[107.462936,12.569163],[107.46025,12.579197],[107.461995,12.593821],[107.448141,12.598405],[107.44315,12.59654],[107.43724,12.590088],[107.417023,12.586786],[107.404343,12.591801],[107.394321,12.599684],[107.391941,12.595383],[107.381787,12.604842],[107.380096,12.61201],[107.385999,12.617746],[107.387233,12.624771],[107.391621,12.624628],[107.394365,12.620758],[107.399219,12.623626],[107.396656,12.631367],[107.399295,12.631941],[107.398462,12.636959],[107.399793,12.638536],[107.397313,12.639252],[107.397344,12.642693],[107.394577,12.644126],[107.395636,12.647997],[107.400178,12.648715],[107.402251,12.651439],[107.401295,12.658893],[107.404977,12.661618],[107.510625,12.662358],[107.511227,12.664078],[107.514443,12.663792],[107.517875,12.670817],[107.523143,12.670819],[107.524731,12.668525],[107.529115,12.667953],[107.535794,12.677846],[107.543254,12.677561],[107.550463,12.681577],[107.55199,12.688172],[107.560208,12.69061],[107.565563,12.699643],[107.565853,12.699357]]]}},{"type":"Feature","properties":{"id":"pdf-pa-25","name":"PDF extracted protected area 25","category":"PDF extracted candidate","source_layer":"Natural protected areas","review_status":"Needs admin review","original_vertices":193,"vertices":17,"bbox":[102.57418,13.29849,102.61566,13.34722]},"geometry":{"type":"Polygon","coordinates":[[[102.584847,13.335323],[102.597565,13.324001],[102.604716,13.311818],[102.614878,13.307233],[102.615658,13.302073],[102.61261,13.298488],[102.607323,13.299204],[102.608481,13.300924],[102.604629,13.305224],[102.604456,13.308091],[102.598854,13.311243],[102.588152,13.326722],[102.584323,13.328442],[102.574177,13.347218],[102.584063,13.340913],[102.584404,13.335609],[102.584847,13.335323]]]}},{"type":"Feature","properties":{"id":"pdf-pa-26","name":"PDF extracted protected area 26","category":"PDF extracted candidate","source_layer":"Natural protected areas","review_status":"Needs admin review","original_vertices":240,"vertices":17,"bbox":[103.15409,13.91487,103.19627,13.95918]},"geometry":{"type":"Polygon","coordinates":[[[103.190395,13.959178],[103.19379,13.957315],[103.191811,13.94556],[103.196269,13.93868],[103.191864,13.937819],[103.191765,13.930795],[103.187514,13.928931],[103.184177,13.922336],[103.18023,13.919038],[103.154091,13.914874],[103.156955,13.925913],[103.156985,13.942685],[103.161471,13.953151],[103.16762,13.957023],[103.187199,13.953587],[103.190248,13.959178],[103.190395,13.959178]]]}},{"type":"Feature","properties":{"id":"pdf-pa-27","name":"PDF extracted protected area 27","category":"PDF extracted candidate","source_layer":"Natural protected areas","review_status":"Needs admin review","original_vertices":3582,"vertices":298,"bbox":[106.50617,12.49275,107.14773,13.01097]},"geometry":{"type":"Polygon","coordinates":[[[106.694355,13.010974],[106.790318,13.010708],[106.789457,12.905053],[106.807326,12.905343],[106.810617,12.915379],[106.817951,12.917101],[106.82268,12.923266],[106.828858,12.926995],[106.838233,12.927284],[106.8552,12.92399],[106.860837,12.93417],[106.8645,12.934314],[106.875527,12.940195],[106.891079,12.943925],[106.899413,12.941777],[106.906645,12.949376],[106.923938,12.95067],[106.934898,12.967159],[106.964221,12.99039],[106.976013,12.980357],[106.983891,12.956561],[106.990278,12.948821],[106.994654,12.946385],[106.996235,12.942372],[106.993269,12.937497],[106.996155,12.931763],[106.993663,12.931476],[106.992217,12.933912],[106.98899,12.933338],[106.985696,12.923732],[106.988886,12.919432],[106.990876,12.911405],[106.989231,12.906817],[106.993498,12.909542],[106.99684,12.905958],[107.000231,12.90897],[107.00094,12.905959],[106.997849,12.903808],[106.998563,12.901515],[107.001206,12.902375],[107.004113,12.899509],[107.005102,12.894635],[107.007886,12.894922],[107.005642,12.888614],[107.008224,12.88159],[107.006014,12.879725],[107.008908,12.875139],[107.00566,12.871697],[107.009314,12.870838],[107.006647,12.86668],[107.021386,12.860089],[107.018881,12.857938],[107.023684,12.854211],[107.030151,12.857367],[107.02907,12.850055],[107.031213,12.843174],[107.038881,12.831134],[107.03768,12.827263],[107.048648,12.825688],[107.045376,12.819093],[107.048339,12.804614],[107.043502,12.803896],[107.050658,12.801604],[107.055144,12.794867],[107.0575,12.796731],[107.060127,12.795585],[107.070735,12.785552],[107.076447,12.785984],[107.080348,12.77939],[107.083279,12.779821],[107.086625,12.777241],[107.087529,12.780538],[107.09116,12.776812],[107.090231,12.770504],[107.094454,12.767637],[107.093842,12.76434],[107.101516,12.735383],[107.109513,12.72879],[107.111642,12.720476],[107.116042,12.721624],[107.11936,12.715603],[107.115613,12.704564],[107.120962,12.696393],[107.116669,12.690228],[107.11765,12.68478],[107.123018,12.679047],[107.124121,12.670589],[107.127634,12.670733],[107.126586,12.667866],[107.1286,12.663565],[107.132234,12.660556],[107.141892,12.660701],[107.140775,12.649232],[107.147727,12.640489],[107.134396,12.620272],[107.129751,12.606652],[107.130006,12.601921],[107.13363,12.597908],[107.132549,12.590739],[107.133843,12.588016],[107.127471,12.577836],[107.118532,12.575684],[107.112029,12.567367],[107.100881,12.563351],[107.081428,12.563347],[107.070134,12.559187],[107.067626,12.556462],[107.056833,12.560331],[107.050971,12.558896],[107.052264,12.555886],[107.050329,12.551585],[107.05297,12.533808],[107.042721,12.513306],[107.041053,12.505564],[107.037103,12.50542],[107.034944,12.509864],[107.028489,12.507138],[107.026026,12.510148],[107.018996,12.508713],[107.01876,12.516168],[107.017299,12.516311],[107.012848,12.507995],[107.01009,12.510575],[107.008842,12.519606],[107.007385,12.520323],[107.0018,12.516594],[107.000134,12.508996],[106.996526,12.515303],[106.998196,12.523475],[106.996887,12.524478],[106.988821,12.521466],[106.988489,12.516161],[106.985848,12.515014],[106.984262,12.518024],[106.976976,12.521463],[106.976124,12.524904],[106.973649,12.526337],[106.965167,12.526335],[106.961249,12.530492],[106.956394,12.52662],[106.947407,12.53737],[106.954607,12.541959],[106.95376,12.546116],[106.958766,12.550705],[106.954993,12.554718],[106.948249,12.552423],[106.942854,12.554715],[106.942828,12.551131],[106.937271,12.551274],[106.934129,12.561595],[106.929203,12.568045],[106.924249,12.570624],[106.926612,12.573779],[106.925749,12.575786],[106.921518,12.577218],[106.919936,12.580945],[106.915259,12.581518],[106.914846,12.585102],[106.907543,12.586534],[106.906424,12.593701],[106.903074,12.595708],[106.903394,12.599435],[106.899308,12.600868],[106.895179,12.59628],[106.891882,12.58524],[106.882731,12.573769],[106.868361,12.568605],[106.862479,12.56416],[106.862701,12.554268],[106.854548,12.53864],[106.832497,12.522293],[106.824887,12.521431],[106.816372,12.516698],[106.80877,12.516983],[106.804546,12.51942],[106.798946,12.513254],[106.793827,12.513109],[106.782061,12.503072],[106.779139,12.503501],[106.780424,12.498914],[106.775584,12.496763],[106.7737,12.499199],[106.772048,12.492748],[106.75339,12.501632],[106.738292,12.496038],[106.733485,12.498904],[106.733079,12.503778],[106.727778,12.498186],[106.718865,12.499331],[106.711543,12.497609],[106.705264,12.499041],[106.704085,12.497608],[106.690632,12.497605],[106.679553,12.502907],[106.680741,12.505774],[106.678273,12.508641],[106.675939,12.5095],[106.673295,12.507636],[106.671281,12.51294],[106.668067,12.513369],[106.667059,12.51595],[106.659899,12.516808],[106.658606,12.520535],[106.653615,12.517524],[106.650568,12.52125],[106.645744,12.521679],[106.645479,12.52598],[106.641373,12.524259],[106.640077,12.527413],[106.635539,12.526695],[106.630001,12.529848],[106.62764,12.526406],[106.624736,12.529846],[106.623393,12.525402],[106.615654,12.527407],[106.611256,12.525686],[106.609955,12.528123],[106.60305,12.522961],[106.599253,12.52382],[106.596643,12.527547],[106.588436,12.524678],[106.588053,12.533853],[106.58233,12.530697],[106.57768,12.535571],[106.569473,12.532702],[106.562793,12.540728],[106.559434,12.541588],[106.552763,12.551191],[106.554155,12.564094],[106.552281,12.568681],[106.544538,12.570256],[106.542382,12.57685],[106.530552,12.579858],[106.521167,12.575842],[106.513741,12.581718],[106.514773,12.583152],[106.513032,12.585589],[106.516541,12.585303],[106.524047,12.593333],[106.529464,12.594194],[106.535744,12.592332],[106.54132,12.595343],[106.543501,12.593194],[106.547306,12.593338],[106.552007,12.596779],[106.563576,12.598932],[106.565782,12.60094],[106.569581,12.600224],[106.579266,12.605243],[106.580043,12.612985],[106.576785,12.630904],[106.58311,12.636496],[106.582551,12.64094],[106.585482,12.641658],[106.586255,12.648683],[106.590948,12.650547],[106.593863,12.648541],[106.594043,12.654275],[106.599459,12.654563],[106.601164,12.670333],[106.604556,12.674778],[106.604572,12.677358],[106.601946,12.678791],[106.604147,12.679652],[106.604319,12.683953],[106.606962,12.685387],[106.608663,12.70044],[106.605633,12.707607],[106.603145,12.707607],[106.602427,12.709757],[106.602635,12.719935],[106.607047,12.72352],[106.604727,12.727104],[106.610166,12.730976],[106.608026,12.74015],[106.609508,12.743161],[106.60913,12.753196],[106.613256,12.757784],[106.613888,12.765383],[106.625166,12.766532],[106.62541,12.830183],[106.604035,12.830179],[106.61115,12.844516],[106.615124,12.872042],[106.614664,12.892685],[106.607144,12.90831],[106.597103,12.918916],[106.577274,12.933964],[106.528673,12.963916],[106.506175,12.974519],[106.506229,12.983981],[106.509906,12.986562],[106.513621,12.995738],[106.520679,13.000327],[106.518937,13.003194],[106.521764,13.010649],[106.694354,13.010831],[106.694355,13.010974]]]}},{"type":"Feature","properties":{"id":"pdf-pa-28","name":"PDF extracted protected area 28","category":"PDF extracted candidate","source_layer":"Natural protected areas","review_status":"Needs admin review","original_vertices":55,"vertices":21,"bbox":[102.49938,13.48726,102.54338,13.51005]},"geometry":{"type":"Polygon","coordinates":[[[102.515023,13.507612],[102.519856,13.50876],[102.517417,13.502739],[102.519778,13.501449],[102.519949,13.498869],[102.541113,13.495863],[102.542007,13.49443],[102.539668,13.493426],[102.54338,13.48884],[102.538404,13.487262],[102.53484,13.491705],[102.527939,13.49199],[102.522915,13.495573],[102.50061,13.494994],[102.499378,13.501158],[102.504044,13.504456],[102.508445,13.504744],[102.508702,13.508614],[102.51089,13.510048],[102.513683,13.509619],[102.515023,13.507612]]]}},{"type":"Feature","properties":{"id":"pdf-pa-29","name":"PDF extracted protected area 29","category":"PDF extracted candidate","source_layer":"Natural protected areas","review_status":"Needs admin review","original_vertices":1251,"vertices":231,"bbox":[103.84552,13.46097,104.25019,13.78911]},"geometry":{"type":"Polygon","coordinates":[[[104.246648,13.717592],[104.235921,13.71888],[104.233156,13.709705],[104.239181,13.708989],[104.239048,13.704259],[104.23552,13.704975],[104.228932,13.697375],[104.223062,13.695367],[104.221615,13.688056],[104.214461,13.673432],[104.227687,13.670998],[104.234254,13.685622],[104.246748,13.682328],[104.247808,13.671146],[104.242377,13.669998],[104.245046,13.660968],[104.241408,13.649355],[104.244676,13.636311],[104.248952,13.630148],[104.241788,13.618964],[104.249737,13.612085],[104.250192,13.607211],[104.245486,13.609504],[104.245942,13.604057],[104.234199,13.60262],[104.22717,13.596024],[104.216154,13.597169],[104.214398,13.595161],[104.204414,13.595159],[104.197688,13.585696],[104.219582,13.580111],[104.238401,13.571084],[104.238534,13.524637],[104.169153,13.460973],[104.143909,13.461397],[104.125541,13.468274],[104.115679,13.477016],[104.091439,13.526467],[104.051926,13.574768],[104.038369,13.588383],[104.015993,13.604003],[104.002953,13.596116],[104.001333,13.597549],[103.996789,13.595398],[103.991937,13.59726],[103.989282,13.60027],[103.996961,13.627652],[104.006622,13.635969],[103.991128,13.655461],[103.951626,13.654162],[103.933082,13.700317],[103.930429,13.70261],[103.927196,13.703039],[103.92005,13.690136],[103.911081,13.692427],[103.909768,13.690133],[103.906098,13.689559],[103.910521,13.68569],[103.904194,13.688269],[103.898477,13.6854],[103.896881,13.680813],[103.894223,13.684109],[103.886163,13.679663],[103.883516,13.680523],[103.884687,13.681383],[103.882905,13.68597],[103.886543,13.694142],[103.881862,13.689697],[103.879357,13.69156],[103.878926,13.689123],[103.873789,13.688118],[103.872897,13.690842],[103.874653,13.692419],[103.870691,13.691415],[103.867134,13.698868],[103.854215,13.697001],[103.854208,13.698722],[103.845524,13.702733],[103.853017,13.702305],[103.854936,13.700299],[103.862119,13.703597],[103.865798,13.702165],[103.866377,13.704028],[103.869463,13.703886],[103.880498,13.699588],[103.885478,13.703029],[103.888714,13.702027],[103.891199,13.704894],[103.892068,13.707905],[103.890439,13.711058],[103.892774,13.714643],[103.891717,13.721523],[103.886727,13.720519],[103.890532,13.723817],[103.887439,13.725823],[103.883184,13.724532],[103.880676,13.727112],[103.878868,13.737719],[103.875634,13.738292],[103.876055,13.742879],[103.871912,13.749759],[103.871891,13.754776],[103.869976,13.755923],[103.873056,13.757214],[103.871557,13.764094],[103.876246,13.767106],[103.881239,13.767824],[103.882574,13.764814],[103.881417,13.760513],[103.88816,13.764098],[103.888906,13.761375],[103.892281,13.762379],[103.893286,13.76797],[103.891357,13.772557],[103.888126,13.772269],[103.889282,13.777],[103.894403,13.782162],[103.899146,13.772128],[103.906055,13.771557],[103.90783,13.768547],[103.910917,13.768117],[103.910795,13.762097],[103.914766,13.761237],[103.919157,13.765396],[103.923123,13.76554],[103.924137,13.769124],[103.922807,13.771131],[103.925441,13.773711],[103.931194,13.768122],[103.934416,13.77056],[103.936038,13.769127],[103.935018,13.76712],[103.937808,13.76755],[103.938258,13.765257],[103.941475,13.768985],[103.943989,13.765115],[103.9453,13.767982],[103.950305,13.765403],[103.954558,13.767411],[103.956487,13.762681],[103.953698,13.761963],[103.959437,13.759814],[103.955177,13.75967],[103.95916,13.75537],[103.953157,13.750065],[103.953183,13.743471],[103.955548,13.739887],[103.953221,13.734009],[103.958365,13.733294],[103.959827,13.735301],[103.963958,13.730715],[103.965425,13.731145],[104.027739,13.68457],[104.036182,13.664933],[104.074957,13.664798],[104.076561,13.668096],[104.08553,13.665374],[104.088336,13.660931],[104.08511,13.65921],[104.090842,13.658065],[104.091418,13.661649],[104.090094,13.662078],[104.099792,13.660934],[104.10184,13.663371],[104.106852,13.657638],[104.108058,13.648607],[104.113037,13.652766],[104.119899,13.665239],[104.120763,13.6704],[104.129546,13.67929],[104.157348,13.666395],[104.171161,13.664104],[104.186425,13.667548],[104.186419,13.669412],[104.171303,13.665681],[104.16733,13.66783],[104.159546,13.667829],[104.13601,13.679005],[104.142418,13.695922],[104.142685,13.704236],[104.15355,13.705816],[104.156493,13.704096],[104.155308,13.70725],[104.165735,13.708112],[104.16483,13.715566],[104.166286,13.719867],[104.161127,13.725457],[104.141255,13.737494],[104.146366,13.747386],[104.160037,13.744809],[104.165174,13.746387],[104.167804,13.750975],[104.168235,13.754272],[104.157792,13.757997],[104.154093,13.766024],[104.15997,13.766025],[104.161239,13.782941],[104.175941,13.780221],[104.174393,13.758288],[104.178065,13.758719],[104.178226,13.754131],[104.184108,13.752556],[104.186138,13.761158],[104.181874,13.762303],[104.18272,13.773915],[104.180644,13.780079],[104.180766,13.788107],[104.188257,13.789112],[104.187689,13.782517],[104.190062,13.77535],[104.188766,13.766606],[104.195399,13.75987],[104.19355,13.739513],[104.196927,13.740231],[104.201057,13.734784],[104.211933,13.73321],[104.211071,13.726615],[104.207545,13.726901],[104.20711,13.724894],[104.218721,13.72289],[104.21665,13.727763],[104.217818,13.730344],[104.226037,13.733213],[104.229844,13.737514],[104.234545,13.737659],[104.240723,13.734937],[104.242034,13.738808],[104.242362,13.726623],[104.242955,13.725046],[104.246774,13.72519],[104.246648,13.717592]]]}},{"type":"Feature","properties":{"id":"pdf-pa-30","name":"PDF extracted protected area 30","category":"PDF extracted candidate","source_layer":"Natural protected areas","review_status":"Needs admin review","original_vertices":802,"vertices":122,"bbox":[103.87193,10.55534,104.16533,11.19326]},"geometry":{"type":"Polygon","coordinates":[[[104.114164,11.179788],[104.113784,11.163016],[104.122545,11.153269],[104.119409,11.134203],[104.132083,11.128615],[104.13994,11.128186],[104.153355,11.072998],[104.153634,10.986413],[104.117029,10.933222],[104.117732,10.896954],[104.126691,10.824992],[104.142212,10.788727],[104.154647,10.716766],[104.160759,10.712897],[104.158343,10.696554],[104.162138,10.690534],[104.165334,10.690105],[104.163457,10.686664],[104.164486,10.682793],[104.161726,10.683223],[104.163055,10.676199],[104.159292,10.672328],[104.163662,10.668028],[104.159739,10.668744],[104.155835,10.663439],[104.16106,10.664157],[104.162517,10.66258],[104.159763,10.66129],[104.156015,10.652544],[104.149351,10.647956],[104.134513,10.656124],[104.132061,10.650963],[104.140226,10.64093],[104.141305,10.621721],[104.135838,10.606525],[104.132509,10.603227],[104.122505,10.599355],[104.121641,10.597204],[104.129084,10.585307],[104.132175,10.572549],[104.116532,10.562225],[104.10754,10.55993],[104.107236,10.564087],[104.104329,10.56509],[104.098529,10.563225],[104.087815,10.555339],[104.077791,10.557918],[104.070791,10.566947],[104.037787,10.581564],[104.001206,10.581127],[103.989021,10.578831],[103.978559,10.581409],[103.965474,10.586424],[103.935756,10.611792],[103.937462,10.620824],[103.924179,10.638024],[103.918453,10.653505],[103.912021,10.663825],[103.904932,10.692351],[103.905937,10.695075],[103.900683,10.701238],[103.89517,10.699947],[103.891093,10.70224],[103.891663,10.704963],[103.900216,10.708835],[103.898013,10.714569],[103.884455,10.726465],[103.886117,10.745531],[103.876465,10.794699],[103.871927,10.802726],[103.872736,10.851179],[103.877723,10.874403],[103.889986,10.895765],[103.897825,10.897917],[103.917211,10.919853],[103.928104,10.922005],[103.933175,10.925877],[103.941168,10.926452],[103.934413,10.979204],[103.930052,10.978917],[103.928736,10.98078],[103.924237,10.978915],[103.921786,10.973898],[103.914809,10.973466],[103.913306,10.985508],[103.919686,10.989523],[103.923611,10.989667],[103.918966,10.987946],[103.918831,10.985365],[103.927259,10.986514],[103.932222,10.981784],[103.93279,10.984938],[103.924192,10.98981],[103.929574,10.989381],[103.934822,10.985798],[103.935644,10.99827],[103.930947,11.009164],[103.925768,11.031239],[103.937407,11.065789],[103.970773,11.087442],[103.981343,11.099629],[103.988308,11.103931],[103.988509,11.127441],[104.01062,11.127588],[104.026739,11.095767],[104.039393,11.095769],[104.043116,11.111969],[104.046595,11.115267],[104.050523,11.115267],[104.050447,11.136197],[104.04681,11.136339],[104.038644,11.141499],[104.031903,11.154829],[104.036513,11.167302],[104.042755,11.171317],[104.043039,11.173037],[104.039099,11.176477],[104.074006,11.17978],[104.10306,11.193261],[104.112967,11.189536],[104.114161,11.180505],[104.114164,11.179788]]]}},{"type":"Feature","properties":{"id":"pdf-pa-31","name":"PDF extracted protected area 31","category":"PDF extracted candidate","source_layer":"Natural protected areas","review_status":"Needs admin review","original_vertices":180,"vertices":32,"bbox":[103.96769,11.17719,104.13841,11.40125]},"geometry":{"type":"Polygon","coordinates":[[[104.044566,11.393944],[104.064945,11.395954],[104.070357,11.389218],[104.085503,11.388647],[104.097581,11.3908],[104.104876,11.386644],[104.120381,11.365718],[104.133073,11.358266],[104.13325,11.348805],[104.129629,11.34307],[104.138409,11.32931],[104.136828,11.323002],[104.13772,11.317555],[104.130643,11.300351],[104.130812,11.293327],[104.103638,11.194408],[104.072985,11.180497],[104.056399,11.180207],[104.038805,11.177193],[104.036753,11.18135],[104.020276,11.190952],[103.995594,11.214887],[103.981407,11.23352],[103.973647,11.24556],[103.969382,11.256884],[103.967689,11.28025],[103.969051,11.304334],[103.989407,11.386192],[104.011921,11.401248],[104.019785,11.401106],[104.042818,11.39423],[104.044566,11.393944]]]}},{"type":"Feature","properties":{"id":"pdf-pa-32","name":"PDF extracted protected area 32","category":"PDF extracted candidate","source_layer":"Natural protected areas","review_status":"Needs admin review","original_vertices":626,"vertices":37,"bbox":[103.55924,13.05129,103.70569,13.21888]},"geometry":{"type":"Polygon","coordinates":[[[103.645722,13.218875],[103.664869,13.201964],[103.668378,13.203828],[103.677062,13.197093],[103.681745,13.198814],[103.68865,13.196092],[103.694268,13.186489],[103.702921,13.155957],[103.700753,13.149649],[103.701257,13.13646],[103.705686,13.10005],[103.701164,13.095605],[103.642098,13.067638],[103.617115,13.053154],[103.61199,13.052436],[103.60553,13.054872],[103.589137,13.051285],[103.576644,13.058306],[103.571192,13.063896],[103.563058,13.077512],[103.559239,13.106182],[103.563453,13.13987],[103.567934,13.151626],[103.582606,13.176572],[103.605784,13.201664],[103.609288,13.204388],[103.616175,13.20525],[103.613827,13.20568],[103.621021,13.203818],[103.62935,13.209267],[103.630501,13.213424],[103.631814,13.214715],[103.633581,13.213282],[103.635466,13.217296],[103.642213,13.216867],[103.64543,13.218588],[103.645722,13.218875]]]}},{"type":"Feature","properties":{"id":"pdf-pa-33","name":"PDF extracted protected area 33","category":"PDF extracted candidate","source_layer":"Natural protected areas","review_status":"Needs admin review","original_vertices":660,"vertices":68,"bbox":[105.93681,13.555,106.05705,13.88602]},"geometry":{"type":"Polygon","coordinates":[[[106.005667,13.877846],[106.005788,13.870965],[105.999731,13.862792],[105.999941,13.840429],[106.002262,13.832401],[106.000011,13.820215],[105.997353,13.816774],[105.987491,13.812328],[105.978942,13.805445],[105.975524,13.794979],[105.97488,13.779639],[105.982347,13.772617],[105.986565,13.760862],[105.99022,13.755989],[105.994031,13.753696],[106.003283,13.752551],[106.009874,13.747105],[106.011008,13.736354],[106.015835,13.730764],[106.008891,13.720441],[106.010195,13.71571],[106.0296,13.681596],[106.047914,13.669701],[106.048763,13.66153],[106.056782,13.64691],[106.057049,13.640172],[106.052416,13.619957],[106.039434,13.604758],[106.034676,13.589561],[106.024939,13.577661],[106.010977,13.574073],[106.00654,13.565471],[105.992557,13.556006],[105.98257,13.555],[105.975677,13.556862],[105.97909,13.566611],[105.988816,13.576362],[106.00698,13.604034],[106.006702,13.608191],[106.000126,13.616505],[105.997367,13.624819],[105.999305,13.63256],[106.004915,13.640303],[106.005522,13.645464],[106.003935,13.653062],[105.99839,13.662665],[105.99855,13.666106],[106.006831,13.681017],[106.015494,13.680159],[106.000174,13.70725],[105.992422,13.716279],[105.973783,13.721006],[105.957377,13.734191],[105.952186,13.761284],[105.937682,13.773179],[105.936814,13.77705],[105.94395,13.800275],[105.951184,13.809882],[105.961872,13.83956],[105.970593,13.853037],[105.966704,13.874827],[105.974357,13.877409],[105.987288,13.876552],[105.995849,13.886015],[106.000847,13.885873],[106.004952,13.883007],[106.005676,13.880283],[106.005667,13.877846]]]}},{"type":"Feature","properties":{"id":"pdf-pa-34","name":"PDF extracted protected area 34","category":"PDF extracted candidate","source_layer":"Natural protected areas","review_status":"Needs admin review","original_vertices":1258,"vertices":148,"bbox":[102.49421,12.50779,102.76163,12.86642]},"geometry":{"type":"Polygon","coordinates":[[[102.556755,12.866422],[102.561885,12.865849],[102.570419,12.861407],[102.582719,12.86141],[102.593626,12.853528],[102.606418,12.847654],[102.608248,12.839627],[102.605012,12.841203],[102.605383,12.832602],[102.608575,12.835756],[102.608691,12.839197],[102.625874,12.833323],[102.640566,12.811251],[102.653943,12.80509],[102.663085,12.797637],[102.670724,12.794629],[102.677891,12.795347],[102.684935,12.793342],[102.713682,12.804099],[102.721888,12.786182],[102.728223,12.781453],[102.734148,12.773283],[102.73987,12.754649],[102.744452,12.749346],[102.746875,12.739886],[102.761627,12.726127],[102.755117,12.717238],[102.755317,12.710931],[102.745893,12.700464],[102.74347,12.692866],[102.741842,12.695016],[102.739506,12.694442],[102.748665,12.684267],[102.748113,12.680396],[102.74403,12.678675],[102.738825,12.671363],[102.724649,12.669353],[102.721618,12.664479],[102.715907,12.665051],[102.714472,12.661753],[102.707001,12.662755],[102.706914,12.655874],[102.699936,12.650712],[102.704664,12.645409],[102.704101,12.642829],[102.707177,12.6424],[102.706189,12.638242],[102.709401,12.639103],[102.709585,12.634659],[102.705359,12.632795],[102.709822,12.624195],[102.70853,12.621328],[102.711925,12.617888],[102.712097,12.614878],[102.718869,12.610005],[102.721748,12.598395],[102.724534,12.597678],[102.723849,12.592231],[102.728866,12.587215],[102.730683,12.580048],[102.727063,12.575746],[102.732068,12.57202],[102.729891,12.570013],[102.730105,12.562129],[102.732305,12.561413],[102.730186,12.552668],[102.733175,12.545214],[102.727802,12.540769],[102.723827,12.526864],[102.71699,12.522562],[102.715722,12.516971],[102.703518,12.507794],[102.702318,12.511234],[102.693247,12.511805],[102.692637,12.514672],[102.69495,12.517683],[102.690071,12.523846],[102.68242,12.529148],[102.677742,12.528861],[102.67524,12.530724],[102.675351,12.534737],[102.682765,12.539756],[102.673306,12.551079],[102.665378,12.554518],[102.66499,12.565269],[102.659794,12.574012],[102.648237,12.574153],[102.642071,12.576732],[102.641691,12.586479],[102.644893,12.588344],[102.6456,12.591067],[102.643597,12.602392],[102.640805,12.603824],[102.628098,12.601671],[102.623657,12.607404],[102.613703,12.608119],[102.603059,12.620445],[102.596751,12.622307],[102.589968,12.628183],[102.588917,12.631193],[102.57979,12.637355],[102.577079,12.645812],[102.568004,12.64624],[102.564308,12.650396],[102.551187,12.645233],[102.54735,12.648816],[102.541786,12.649245],[102.537144,12.644943],[102.530551,12.645945],[102.507561,12.663572],[102.502169,12.676759],[102.506094,12.679484],[102.506922,12.684788],[102.504092,12.690091],[102.494207,12.698546],[102.501001,12.707436],[102.499482,12.713313],[102.501565,12.725211],[102.497101,12.732951],[102.504739,12.745567],[102.50824,12.746858],[102.514844,12.744996],[102.520779,12.752021],[102.521329,12.755749],[102.529052,12.759477],[102.531361,12.763062],[102.530022,12.765355],[102.531003,12.770086],[102.533041,12.771233],[102.533287,12.77625],[102.532667,12.779977],[102.526908,12.78528],[102.525404,12.78958],[102.529353,12.805636],[102.526814,12.811082],[102.519924,12.812084],[102.518583,12.814521],[102.512124,12.816383],[102.513496,12.826131],[102.511508,12.835162],[102.5166,12.838603],[102.526244,12.840756],[102.527674,12.84434],[102.538041,12.847496],[102.54036,12.850076],[102.541181,12.85624],[102.555587,12.865991],[102.556755,12.866422]]]}},{"type":"Feature","properties":{"id":"pdf-pa-35","name":"PDF extracted protected area 35","category":"PDF extracted candidate","source_layer":"Natural protected areas","review_status":"Needs admin review","original_vertices":1560,"vertices":195,"bbox":[105.99487,14.0909,106.60272,14.57842]},"geometry":{"type":"Polygon","coordinates":[[[106.544181,14.578137],[106.549231,14.559501],[106.558163,14.549755],[106.558228,14.535563],[106.563215,14.531693],[106.56066,14.523091],[106.570897,14.510048],[106.566848,14.498005],[106.561966,14.494563],[106.563108,14.488399],[106.565593,14.485102],[106.570899,14.48539],[106.582285,14.492418],[106.587136,14.490698],[106.588336,14.494139],[106.593489,14.493567],[106.596568,14.491131],[106.601594,14.493856],[106.600377,14.487548],[106.602717,14.484681],[106.590745,14.478227],[106.576021,14.479514],[106.56083,14.476786],[106.547223,14.492839],[106.542145,14.506457],[106.539001,14.523372],[106.53591,14.523802],[106.497941,14.479781],[106.474684,14.456838],[106.462671,14.442069],[106.456703,14.428162],[106.439518,14.409808],[106.424021,14.376258],[106.416519,14.350309],[106.417053,14.339844],[106.424007,14.318628],[106.422373,14.288379],[106.427775,14.280066],[106.429908,14.266017],[106.439361,14.244803],[106.438289,14.237061],[106.439593,14.233191],[106.432471,14.22258],[106.425115,14.195627],[106.418486,14.194479],[106.416541,14.188457],[106.410202,14.186449],[106.374615,14.191458],[106.365533,14.199627],[106.355849,14.205215],[106.348647,14.207221],[106.347901,14.20507],[106.344963,14.206216],[106.344503,14.202489],[106.341113,14.201628],[106.327224,14.190443],[106.363007,14.137409],[106.34814,14.136115],[106.337346,14.125647],[106.317627,14.154457],[106.277007,14.09137],[106.123571,14.090903],[106.121084,14.0942],[106.120691,14.105669],[106.111668,14.129177],[106.1134,14.156129],[106.110363,14.168887],[106.104928,14.171322],[106.089775,14.172036],[106.074485,14.175616],[106.062285,14.179054],[106.052889,14.184499],[106.05087,14.195107],[106.045453,14.20213],[106.037089,14.208579],[106.034897,14.212449],[106.034628,14.219044],[106.03155,14.222197],[106.032298,14.225351],[106.02745,14.227643],[106.028796,14.233235],[106.026465,14.239542],[106.026924,14.244129],[106.0352,14.252446],[106.023536,14.281688],[106.023414,14.288139],[106.025778,14.290433],[106.023438,14.294447],[106.018885,14.297169],[106.010185,14.29344],[106.004003,14.294012],[106.002558,14.301036],[105.996983,14.306339],[105.996725,14.316087],[106.00103,14.32555],[105.994865,14.330423],[105.998575,14.338165],[106.001579,14.353935],[106.009362,14.348346],[106.018006,14.336879],[106.02813,14.327563],[106.04329,14.326134],[106.050523,14.330723],[106.058602,14.325851],[106.058918,14.331442],[106.062156,14.331156],[106.066438,14.334167],[106.070258,14.332018],[106.080221,14.319835],[106.083031,14.322846],[106.08766,14.338616],[106.08431,14.347647],[106.088436,14.348508],[106.090668,14.3541],[106.0942,14.353671],[106.09568,14.355535],[106.101706,14.352669],[106.103939,14.358404],[106.105674,14.350806],[106.121973,14.339915],[106.121686,14.341635],[106.145155,14.35483],[106.151766,14.351391],[106.159362,14.3372],[106.172891,14.333333],[106.186735,14.334053],[106.204057,14.354988],[106.206853,14.354558],[106.213011,14.348682],[106.218611,14.349687],[106.225718,14.358147],[106.225308,14.365171],[106.231846,14.377788],[106.237757,14.38209],[106.236333,14.392555],[106.239303,14.39786],[106.237553,14.401587],[106.237892,14.411192],[106.244241,14.414491],[106.244858,14.420512],[106.246044,14.422089],[106.249869,14.42123],[106.252401,14.427108],[106.249487,14.433989],[106.244056,14.438002],[106.241294,14.445886],[106.248552,14.454345],[106.250823,14.467392],[106.253786,14.47112],[106.259234,14.470404],[106.266533,14.456357],[106.269506,14.462092],[106.275393,14.460803],[106.280224,14.45464],[106.286272,14.456362],[106.293764,14.452063],[106.295658,14.447619],[106.29518,14.440165],[106.298837,14.435005],[106.305176,14.436153],[106.309881,14.434434],[106.311471,14.42827],[106.317638,14.424257],[106.325304,14.425693],[106.331774,14.423401],[106.343592,14.430285],[106.353027,14.431864],[106.371031,14.438606],[106.394135,14.434311],[106.410935,14.435749],[106.422042,14.446933],[106.422395,14.457972],[106.436585,14.466864],[106.441039,14.473173],[106.440183,14.478333],[106.435195,14.482346],[106.4314,14.48894],[106.43028,14.499691],[106.43533,14.507291],[106.442854,14.509156],[106.47181,14.496548],[106.475939,14.497122],[106.479051,14.50042],[106.477465,14.506584],[106.45974,14.525503],[106.457862,14.53224],[106.461579,14.538406],[106.477391,14.546438],[106.493817,14.558771],[106.496027,14.558628],[106.502122,14.568091],[106.512178,14.574258],[106.522367,14.577701],[106.543151,14.578423],[106.544181,14.578137]]]}},{"type":"Feature","properties":{"id":"pdf-pa-36","name":"PDF extracted protected area 36","category":"PDF extracted candidate","source_layer":"Natural protected areas","review_status":"Needs admin review","original_vertices":163,"vertices":40,"bbox":[106.48375,12.90314,106.61019,12.97452]},"geometry":{"type":"Polygon","coordinates":[[[106.610189,12.903293],[106.554537,12.903137],[106.532043,12.913454],[106.527409,12.922485],[106.524155,12.917036],[106.520376,12.922053],[106.506914,12.924201],[106.505717,12.919756],[106.507313,12.917176],[106.505552,12.916459],[106.503226,12.919612],[106.503971,12.921763],[106.496814,12.925202],[106.498404,12.921618],[106.501627,12.921619],[106.501016,12.917318],[106.502617,12.915455],[106.491763,12.912585],[106.483752,12.920468],[106.484644,12.922905],[106.489338,12.924197],[106.488931,12.929931],[106.486303,12.931364],[106.489546,12.935092],[106.490861,12.934519],[106.490295,12.937959],[106.486622,12.935951],[106.486364,12.942259],[106.494142,12.944985],[106.494203,12.955737],[106.499633,12.957601],[106.502304,12.963623],[106.504206,12.963193],[106.506125,12.965774],[106.506175,12.974519],[106.528673,12.963916],[106.577274,12.933964],[106.601181,12.91519],[106.610043,12.903293],[106.610189,12.903293]]]}},{"type":"Feature","properties":{"id":"pdf-pa-37","name":"PDF extracted protected area 37","category":"PDF extracted candidate","source_layer":"Natural protected areas","review_status":"Needs admin review","original_vertices":3436,"vertices":333,"bbox":[106.9857,12.65626,107.60598,13.35903]},"geometry":{"type":"Polygon","coordinates":[[[107.26076,13.354304],[107.266477,13.353732],[107.272166,13.350006],[107.292735,13.302702],[107.304006,13.300124],[107.320652,13.308299],[107.339426,13.308303],[107.348274,13.297123],[107.359057,13.289241],[107.362781,13.279206],[107.3712,13.26946],[107.383861,13.27491],[107.39382,13.273335],[107.396528,13.280934],[107.407215,13.278786],[107.405418,13.290828],[107.410115,13.291259],[107.420017,13.299576],[107.442511,13.305316],[107.447577,13.313919],[107.451395,13.31435],[107.457091,13.31177],[107.458511,13.322523],[107.466644,13.329549],[107.501183,13.290133],[107.511368,13.297017],[107.51907,13.28942],[107.535691,13.294442],[107.545173,13.289139],[107.55323,13.288138],[107.558451,13.281974],[107.56795,13.278536],[107.571488,13.2804],[107.576255,13.288],[107.584347,13.290582],[107.58515,13.29775],[107.587079,13.300044],[107.594425,13.301336],[107.598523,13.300477],[107.601716,13.297037],[107.605977,13.297755],[107.55959,13.187356],[107.497027,13.020327],[107.497285,13.016599],[107.494043,13.014592],[107.495569,13.00556],[107.493722,12.996098],[107.501015,12.992659],[107.499428,12.979756],[107.506953,12.970009],[107.503413,12.967428],[107.495797,12.96757],[107.489895,12.962981],[107.493086,12.959684],[107.489823,12.955383],[107.490207,12.949505],[107.488287,12.947784],[107.490739,12.943771],[107.487503,12.942336],[107.487468,12.938609],[107.496479,12.931156],[107.495542,12.924992],[107.498611,12.924275],[107.495507,12.921264],[107.495916,12.917967],[107.498693,12.917394],[107.498087,12.915244],[107.500114,12.912807],[107.505075,12.910801],[107.502098,12.905783],[107.498728,12.905638],[107.497672,12.902341],[107.499689,12.898757],[107.494945,12.892735],[107.49491,12.889008],[107.499432,12.887145],[107.50149,12.872379],[107.507867,12.865499],[107.514149,12.863924],[107.516002,12.85862],[107.514036,12.852025],[107.524978,12.84787],[107.52815,12.842709],[107.529392,12.834825],[107.53568,12.833966],[107.544557,12.828377],[107.544806,12.823789],[107.548399,12.816766],[107.553973,12.817914],[107.553646,12.81433],[107.557282,12.811893],[107.555188,12.807305],[107.555272,12.800854],[107.557448,12.798704],[107.560237,12.799565],[107.565642,12.783223],[107.562696,12.781359],[107.562066,12.776771],[107.565212,12.76903],[107.562686,12.765159],[107.562342,12.744801],[107.562898,12.741791],[107.567438,12.742079],[107.566312,12.731613],[107.57037,12.727456],[107.570628,12.723872],[107.562015,12.710968],[107.562815,12.70294],[107.565148,12.70208],[107.565563,12.699643],[107.560208,12.69061],[107.55199,12.688172],[107.550463,12.681577],[107.543254,12.677561],[107.535794,12.677846],[107.529115,12.667953],[107.51949,12.671391],[107.514148,12.663505],[107.511227,12.664078],[107.507841,12.661927],[107.181107,12.660996],[107.181507,12.656266],[107.140832,12.656257],[107.141892,12.660701],[107.132234,12.660556],[107.1286,12.663565],[107.126586,12.667866],[107.127634,12.670733],[107.124121,12.670589],[107.123018,12.679047],[107.11765,12.68478],[107.116669,12.690228],[107.120962,12.696393],[107.115613,12.704564],[107.11936,12.715603],[107.116042,12.721624],[107.111642,12.720476],[107.109513,12.72879],[107.101516,12.735383],[107.093842,12.76434],[107.094454,12.767637],[107.090231,12.770504],[107.09116,12.776812],[107.087529,12.780538],[107.086625,12.777241],[107.083279,12.779821],[107.080348,12.77939],[107.076447,12.785984],[107.070735,12.785552],[107.060127,12.795585],[107.0575,12.796731],[107.055144,12.794867],[107.050658,12.801604],[107.043502,12.803896],[107.048339,12.804614],[107.045376,12.819093],[107.048648,12.825688],[107.03768,12.827263],[107.038881,12.831134],[107.031213,12.843174],[107.02907,12.850055],[107.030151,12.857367],[107.023684,12.854211],[107.018881,12.857938],[107.021386,12.860089],[107.006647,12.86668],[107.009314,12.870838],[107.00566,12.871697],[107.008908,12.875139],[107.006014,12.879725],[107.008224,12.88159],[107.005642,12.888614],[107.007886,12.894922],[107.005102,12.894635],[107.004113,12.899509],[107.001206,12.902375],[106.998563,12.901515],[106.997849,12.903808],[107.001249,12.90811],[107.000231,12.90897],[106.99684,12.905958],[106.993498,12.909542],[106.990839,12.90653],[106.989086,12.907103],[106.990876,12.911405],[106.9857,12.924306],[106.98899,12.933338],[106.992217,12.933912],[106.993663,12.931476],[106.996155,12.931763],[106.993269,12.937497],[106.996235,12.942372],[106.98855,12.952692],[106.991041,12.952836],[106.99395,12.950112],[106.99765,12.955131],[106.995478,12.958428],[106.996795,12.958285],[106.997407,12.961725],[107.000037,12.960866],[106.995135,12.97133],[107.002749,12.970902],[107.00496,12.972622],[107.006313,12.97721],[107.003831,12.978356],[107.005462,12.980937],[107.003574,12.983087],[107.007808,12.981225],[107.012804,12.983233],[107.011702,12.992407],[107.022339,13.004022],[107.020013,13.006459],[107.019102,13.002301],[107.015892,13.004021],[107.015323,13.006171],[107.018425,13.009469],[107.01742,13.012192],[107.026533,13.016065],[107.026986,13.017786],[107.024072,13.019935],[107.027619,13.02395],[107.025735,13.026674],[107.030438,13.028538],[107.032465,13.025385],[107.033235,13.030259],[107.031056,13.032696],[107.036618,13.03198],[107.038842,13.035278],[107.04411,13.034419],[107.04341,13.03872],[107.047097,13.041731],[107.041719,13.047464],[107.046737,13.052053],[107.047392,13.060941],[107.051188,13.059222],[107.05576,13.06295],[107.052576,13.06811],[107.054846,13.077429],[107.050768,13.080582],[107.052405,13.08388],[107.047441,13.086316],[107.048188,13.08818],[107.052442,13.088611],[107.052327,13.092768],[107.048817,13.093628],[107.049269,13.095205],[107.05396,13.095349],[107.055739,13.098073],[107.055181,13.101657],[107.050772,13.100079],[107.050671,13.105957],[107.053474,13.108395],[107.051762,13.114416],[107.056913,13.117141],[107.061804,13.124023],[107.058153,13.125742],[107.058906,13.128323],[107.05568,13.128179],[107.053206,13.130472],[107.06089,13.138502],[107.053759,13.145095],[107.056854,13.147246],[107.056141,13.149826],[107.05203,13.148965],[107.056194,13.156708],[107.054765,13.161438],[107.052573,13.162298],[107.05787,13.16488],[107.056857,13.1666],[107.054215,13.166169],[107.053938,13.168176],[107.061884,13.172048],[107.066359,13.181941],[107.071368,13.185096],[107.075906,13.184237],[107.07712,13.189398],[107.080636,13.189112],[107.084925,13.193844],[107.085976,13.196998],[107.083806,13.200725],[107.086475,13.204453],[107.083568,13.20775],[107.08729,13.214919],[107.085576,13.220653],[107.091326,13.224668],[107.088262,13.226674],[107.089013,13.228825],[107.092531,13.228682],[107.095934,13.232554],[107.093637,13.238861],[107.089404,13.241297],[107.08869,13.243734],[107.090903,13.245455],[107.093827,13.244309],[107.089325,13.249899],[107.092363,13.263232],[107.089028,13.267962],[107.087536,13.264808],[107.083616,13.269825],[107.084124,13.278426],[107.080315,13.278999],[107.075368,13.284016],[107.080211,13.284447],[107.078626,13.28803],[107.072178,13.288746],[107.077485,13.292187],[107.071959,13.298207],[107.072277,13.301361],[107.079763,13.30208],[107.080369,13.304517],[107.077312,13.307527],[107.080859,13.310968],[107.087988,13.303515],[107.094851,13.299646],[107.110541,13.29922],[107.125262,13.305961],[107.135941,13.320729],[107.146511,13.321735],[107.15878,13.315287],[107.160591,13.303532],[107.16452,13.299805],[107.173005,13.297083],[107.190618,13.298664],[107.212123,13.309565],[107.217926,13.319458],[107.221914,13.322756],[107.237365,13.328637],[107.239493,13.337383],[107.237253,13.350141],[107.241415,13.356593],[107.247744,13.359032],[107.259152,13.354877],[107.26076,13.354304]]]}},{"type":"Feature","properties":{"id":"pdf-pa-38","name":"PDF extracted protected area 38","category":"PDF extracted candidate","source_layer":"Natural protected areas","review_status":"Needs admin review","original_vertices":239,"vertices":36,"bbox":[104.47457,12.54057,104.55598,12.65025]},"geometry":{"type":"Polygon","coordinates":[[[104.528254,12.648669],[104.540402,12.646378],[104.545967,12.643082],[104.545532,12.640645],[104.550366,12.637206],[104.552282,12.628892],[104.555361,12.624735],[104.555983,12.602945],[104.548391,12.594629],[104.547532,12.583304],[104.533948,12.572406],[104.520785,12.57183],[104.509843,12.556489],[104.504307,12.544589],[104.49788,12.540574],[104.491582,12.54559],[104.483239,12.548455],[104.483521,12.554333],[104.475467,12.559062],[104.47457,12.568666],[104.480696,12.577699],[104.482579,12.587161],[104.487975,12.595333],[104.493379,12.599778],[104.487809,12.605511],[104.491166,12.609669],[104.488389,12.608522],[104.486775,12.610958],[104.4948,12.621712],[104.49551,12.633037],[104.501504,12.635475],[104.506468,12.640637],[104.517728,12.644223],[104.521667,12.650245],[104.526495,12.650246],[104.528254,12.648669]]]}},{"type":"Feature","properties":{"id":"pdf-pa-39","name":"PDF extracted protected area 39","category":"PDF extracted candidate","source_layer":"Natural protected areas","review_status":"Needs admin review","original_vertices":2207,"vertices":202,"bbox":[102.95876,11.1606,103.54163,11.71843]},"geometry":{"type":"Polygon","coordinates":[[[103.052711,11.697653],[103.062176,11.699089],[103.077809,11.71443],[103.082328,11.714574],[103.241999,11.623149],[103.247811,11.625873],[103.252426,11.633185],[103.247441,11.637628],[103.249318,11.640352],[103.256159,11.641787],[103.255041,11.634476],[103.262645,11.630607],[103.266699,11.634765],[103.277793,11.632187],[103.279767,11.642365],[103.293252,11.653262],[103.34911,11.555078],[103.346345,11.554504],[103.345051,11.55178],[103.345521,11.546476],[103.343063,11.543466],[103.343808,11.540885],[103.340081,11.531137],[103.341424,11.52612],[103.334491,11.516657],[103.330554,11.51723],[103.32606,11.513645],[103.320964,11.513214],[103.308036,11.507334],[103.305031,11.498876],[103.299649,11.497585],[103.293859,11.491993],[103.281777,11.490557],[103.280196,11.48726],[103.274644,11.489839],[103.270293,11.486971],[103.268196,11.473639],[103.271419,11.470773],[103.265921,11.465181],[103.264353,11.459877],[103.267291,11.45615],[103.26498,11.453139],[103.266614,11.448409],[103.273176,11.44712],[103.272534,11.456151],[103.276428,11.462173],[103.291039,11.455151],[103.295065,11.46318],[103.29168,11.468483],[103.294291,11.470204],[103.303812,11.462035],[103.308145,11.467626],[103.313703,11.464043],[103.317191,11.465334],[103.321874,11.461895],[103.329709,11.466627],[103.334077,11.466914],[103.334675,11.464478],[103.332362,11.461754],[103.336627,11.45516],[103.344005,11.463189],[103.364414,11.46047],[103.369333,11.465775],[103.375288,11.468499],[103.386842,11.460761],[103.388432,11.462768],[103.387509,11.470795],[103.383535,11.477532],[103.379651,11.4933],[103.381682,11.494591],[103.386222,11.490721],[103.391459,11.491869],[103.394498,11.495166],[103.397993,11.495454],[103.404203,11.504343],[103.513025,11.504221],[103.509406,11.500063],[103.5051,11.488881],[103.505856,11.484007],[103.511547,11.482144],[103.51331,11.479421],[103.506223,11.444872],[103.509148,11.442722],[103.510495,11.436272],[103.516779,11.432546],[103.517999,11.422798],[103.508437,11.413909],[103.506589,11.406024],[103.51573,11.3861],[103.51784,11.373342],[103.532301,11.365174],[103.536695,11.360444],[103.535114,11.356717],[103.536225,11.340231],[103.541632,11.336505],[103.534853,11.325179],[103.514767,11.324459],[103.492513,11.321014],[103.482204,11.316425],[103.473947,11.309399],[103.475862,11.305529],[103.479648,11.305243],[103.475882,11.301945],[103.48069,11.301229],[103.475465,11.298648],[103.475619,11.297214],[103.478107,11.294778],[103.483779,11.295782],[103.484082,11.293632],[103.477397,11.291767],[103.471687,11.272414],[103.461114,11.263524],[103.455923,11.255209],[103.456428,11.243597],[103.45384,11.23815],[103.444146,11.228543],[103.439457,11.209477],[103.440344,11.207183],[103.449684,11.202454],[103.452646,11.19371],[103.467257,11.183392],[103.475425,11.179953],[103.45817,11.169772],[103.449494,11.160596],[103.432852,11.170197],[103.397332,11.173344],[103.388578,11.177356],[103.380277,11.178645],[103.377037,11.184952],[103.377259,11.196133],[103.364651,11.211326],[103.363125,11.22265],[103.355491,11.2334],[103.310862,11.316678],[103.295257,11.320976],[103.286638,11.325705],[103.27368,11.348065],[103.262396,11.359244],[103.260595,11.367271],[103.258401,11.368848],[103.224014,11.372568],[103.206035,11.382743],[103.203105,11.385322],[103.200865,11.393493],[103.188304,11.399081],[103.166773,11.416996],[103.148079,11.42459],[103.146242,11.437204],[103.131579,11.45125],[103.120618,11.456408],[103.134397,11.464582],[103.140609,11.471894],[103.139565,11.475334],[103.126106,11.483502],[103.123005,11.489379],[103.12357,11.491816],[103.131388,11.498699],[103.134115,11.504433],[103.135468,11.519055],[103.145975,11.537263],[103.14432,11.544717],[103.137737,11.548442],[103.126937,11.551021],[103.124408,11.558331],[103.115788,11.561626],[103.107877,11.567502],[103.103492,11.569365],[103.09709,11.568073],[103.094083,11.580974],[103.080521,11.582262],[103.067752,11.574805],[103.064144,11.570074],[103.057441,11.570073],[103.058295,11.57294],[103.055027,11.581253],[103.047566,11.585266],[103.045057,11.589566],[103.045457,11.594583],[103.021399,11.596298],[103.009498,11.609054],[103.005855,11.609054],[103.003691,11.606186],[102.999764,11.605182],[102.98733,11.6112],[102.976989,11.610338],[102.976351,11.617505],[102.968721,11.624241],[102.958764,11.649039],[102.960535,11.665094],[102.969519,11.671977],[102.970258,11.670687],[102.969636,11.675704],[102.965854,11.6747],[102.974509,11.6866],[102.987094,11.69936],[102.995811,11.703376],[103.006675,11.712696],[103.020773,11.718433],[103.026036,11.71657],[103.035173,11.703527],[103.049643,11.698513],[103.052711,11.697653]]]}},{"type":"Feature","properties":{"id":"pdf-pa-40","name":"PDF extracted protected area 40","category":"PDF extracted candidate","source_layer":"Natural protected areas","review_status":"Needs admin review","original_vertices":4136,"vertices":561,"bbox":[103.23143,12.34436,104.69343,13.44949]},"geometry":{"type":"Polygon","coordinates":[[[104.540402,12.646378],[104.521667,12.650245],[104.517728,12.644223],[104.506468,12.640637],[104.501504,12.635475],[104.49551,12.633037],[104.4948,12.621712],[104.486775,12.610958],[104.488389,12.608522],[104.491166,12.609669],[104.487809,12.605511],[104.49367,12.600782],[104.482579,12.587161],[104.480696,12.577699],[104.47457,12.568666],[104.475467,12.559062],[104.47034,12.563075],[104.466668,12.570528],[104.464476,12.569524],[104.466242,12.564077],[104.450857,12.577406],[104.456419,12.57583],[104.45422,12.57798],[104.446612,12.579125],[104.446452,12.585433],[104.452588,12.589305],[104.45376,12.588301],[104.454335,12.593176],[104.464566,12.597192],[104.462513,12.600058],[104.466011,12.606367],[104.473566,12.632459],[104.47486,12.643784],[104.473681,12.648371],[104.476305,12.652959],[104.474692,12.654965],[104.470537,12.683635],[104.476092,12.686647],[104.47141,12.686216],[104.469358,12.688222],[104.458627,12.71173],[104.450262,12.72291],[104.442934,12.728212],[104.426819,12.735233],[104.415547,12.736521],[104.406463,12.740963],[104.396949,12.741104],[104.370325,12.735077],[104.347953,12.726901],[104.344292,12.727761],[104.342528,12.730627],[104.344863,12.733352],[104.345722,12.741236],[104.351422,12.744535],[104.355779,12.758441],[104.358699,12.761452],[104.355618,12.764318],[104.354725,12.770769],[104.357195,12.77808],[104.353381,12.781377],[104.356161,12.781807],[104.357028,12.786825],[104.350525,12.811767],[104.354298,12.825673],[104.353104,12.834991],[104.3399,12.845596],[104.33742,12.842012],[104.329662,12.841007],[104.324844,12.835701],[104.291424,12.849886],[104.281026,12.850457],[104.261889,12.834541],[104.244812,12.816045],[104.243511,12.810167],[104.249869,12.787805],[104.251386,12.769313],[104.24658,12.760424],[104.253178,12.756698],[104.263188,12.736201],[104.269205,12.730468],[104.278026,12.715848],[104.254024,12.716129],[104.256941,12.719571],[104.260747,12.719428],[104.254452,12.720143],[104.250335,12.726737],[104.254309,12.71871],[104.251532,12.717419],[104.221941,12.727304],[104.209826,12.765433],[104.206616,12.762136],[104.203391,12.763568],[104.198348,12.785357],[104.187441,12.809725],[104.157724,12.855161],[104.150904,12.881393],[104.157018,12.892863],[104.157573,12.902467],[104.146353,12.930562],[104.13492,12.93314],[104.132412,12.93873],[104.128601,12.939589],[104.124775,12.944749],[104.119895,12.958797],[104.120014,12.967111],[104.116331,12.973274],[104.110684,12.997356],[104.100027,13.029322],[104.082304,13.069743],[104.054448,13.114606],[104.027065,13.147428],[103.987674,13.17523],[103.978865,13.178525],[103.970072,13.177663],[103.940984,13.192851],[103.927939,13.192132],[103.917216,13.197003],[103.90711,13.194564],[103.893877,13.203736],[103.889181,13.204595],[103.881712,13.202729],[103.875387,13.207459],[103.859081,13.214766],[103.84838,13.214047],[103.840329,13.211035],[103.82783,13.219346],[103.819466,13.220778],[103.808914,13.219629],[103.797591,13.226794],[103.77824,13.225786],[103.76824,13.232091],[103.747542,13.23696],[103.731961,13.244698],[103.715661,13.249568],[103.716263,13.246271],[103.713338,13.244694],[103.7166,13.237384],[103.705381,13.252576],[103.705139,13.242112],[103.693012,13.233078],[103.69042,13.223616],[103.686197,13.217737],[103.687409,13.209853],[103.684085,13.200105],[103.690849,13.196092],[103.690568,13.193655],[103.681745,13.198814],[103.677062,13.197093],[103.668378,13.203828],[103.664869,13.201964],[103.645722,13.218875],[103.642213,13.216867],[103.635466,13.217296],[103.633581,13.213282],[103.631814,13.214715],[103.630501,13.213424],[103.62935,13.209267],[103.621021,13.203818],[103.613827,13.20568],[103.616175,13.20525],[103.609288,13.204388],[103.605784,13.201664],[103.582606,13.176572],[103.567934,13.151626],[103.562446,13.136286],[103.559239,13.106182],[103.561113,13.084966],[103.563058,13.077512],[103.568827,13.067622],[103.577674,13.057446],[103.589137,13.051285],[103.60553,13.054872],[103.615214,13.052437],[103.642098,13.067638],[103.701164,13.095605],[103.705686,13.10005],[103.707339,13.091736],[103.704548,13.093026],[103.702944,13.091305],[103.705312,13.086575],[103.7064,13.073817],[103.714978,13.05762],[103.728688,13.040564],[103.731034,13.040278],[103.728377,13.044291],[103.739116,13.035406],[103.733848,13.033971],[103.738543,13.032682],[103.741949,13.025085],[103.76043,13.020932],[103.762929,13.019069],[103.762796,13.016202],[103.770878,13.011186],[103.767854,12.999718],[103.754105,12.994984],[103.747212,12.996559],[103.74546,12.995269],[103.749563,12.995126],[103.757958,12.985667],[103.773695,12.972339],[103.785439,12.966751],[103.788685,12.961734],[103.792249,12.951127],[103.791255,12.944246],[103.793316,12.941952],[103.783953,12.939513],[103.783696,12.931772],[103.786205,12.927472],[103.791928,12.92518],[103.789762,12.918442],[103.790569,12.901957],[103.80089,12.88662],[103.803972,12.885187],[103.810261,12.886909],[103.810428,12.882322],[103.81904,12.888774],[103.830007,12.892361],[103.834227,12.898382],[103.842636,12.884336],[103.862422,12.880613],[103.864783,12.876313],[103.865261,12.867425],[103.869232,12.863412],[103.872581,12.867713],[103.876411,12.86241],[103.877748,12.857967],[103.876313,12.850942],[103.880862,12.848649],[103.887012,12.848651],[103.891393,12.851375],[103.901805,12.847507],[103.904019,12.843207],[103.900696,12.832455],[103.904516,12.829159],[103.908753,12.831453],[103.910986,12.822423],[103.915815,12.822997],[103.922668,12.829879],[103.926186,12.82902],[103.928426,12.817982],[103.93107,12.815833],[103.929342,12.808808],[103.931113,12.805225],[103.941204,12.807951],[103.948502,12.813543],[103.951234,12.825872],[103.953444,12.822432],[103.954113,12.801359],[103.957211,12.795196],[103.964547,12.79104],[103.967911,12.791901],[103.973056,12.786311],[103.985806,12.782587],[103.987719,12.780007],[103.995901,12.784023],[103.995342,12.777142],[104.000396,12.795492],[104.002152,12.795779],[104.008827,12.772271],[104.015588,12.764961],[104.027147,12.766254],[104.032243,12.773709],[104.042078,12.766114],[104.043385,12.768981],[104.043536,12.767691],[104.053783,12.767406],[104.060033,12.779736],[104.059174,12.774288],[104.061539,12.767981],[104.065203,12.766549],[104.074107,12.773862],[104.074969,12.778306],[104.077893,12.779597],[104.075254,12.780743],[104.087973,12.785333],[104.095152,12.783614],[104.090497,12.775155],[104.095343,12.770712],[104.093017,12.765981],[104.096814,12.768563],[104.101509,12.765123],[104.108229,12.769138],[104.111181,12.761971],[104.109739,12.755377],[104.111768,12.761541],[104.112513,12.757384],[104.113529,12.759965],[104.110134,12.768565],[104.113496,12.769856],[104.119662,12.764554],[104.120553,12.760683],[104.117793,12.754232],[104.11255,12.746346],[104.109191,12.744339],[104.108617,12.740755],[104.110821,12.738318],[104.107037,12.73201],[104.110559,12.729287],[104.11187,12.731151],[104.11597,12.730291],[104.113496,12.726134],[104.114974,12.721977],[104.123881,12.728143],[104.126517,12.727713],[104.121563,12.720831],[104.119866,12.703199],[104.121039,12.702482],[104.12234,12.707213],[104.127163,12.709078],[104.128177,12.712518],[104.130958,12.712376],[104.131842,12.710512],[104.132145,12.707359],[104.122409,12.686427],[104.120106,12.674958],[104.125654,12.678687],[104.131215,12.678401],[104.127871,12.67195],[104.127157,12.666789],[104.128619,12.666932],[104.128625,12.665069],[104.130079,12.667936],[104.13564,12.667651],[104.131828,12.669943],[104.133405,12.680122],[104.142477,12.680267],[104.148637,12.675825],[104.150554,12.671238],[104.149659,12.676398],[104.151845,12.679122],[104.15419,12.677976],[104.154227,12.666364],[104.15276,12.667654],[104.148836,12.659339],[104.14973,12.654465],[104.153396,12.651742],[104.154456,12.640418],[104.145377,12.642996],[104.146263,12.640416],[104.143045,12.640272],[104.147149,12.638122],[104.161249,12.62078],[104.167233,12.625082],[104.172072,12.621642],[104.173424,12.610174],[104.177978,12.604298],[104.180205,12.59369],[104.184167,12.589534],[104.18418,12.58552],[104.181555,12.582939],[104.182584,12.581076],[104.178642,12.578781],[104.179382,12.576058],[104.183171,12.580502],[104.186217,12.588817],[104.18827,12.587241],[104.19212,12.571903],[104.207962,12.556854],[104.213215,12.561013],[104.219517,12.55657],[104.229467,12.555139],[104.233119,12.556716],[104.240596,12.550697],[104.245415,12.553279],[104.260514,12.54081],[104.26914,12.541815],[104.274852,12.538806],[104.284343,12.544399],[104.291687,12.532646],[104.293151,12.532216],[104.297667,12.538954],[104.301928,12.531501],[104.321855,12.51674],[104.331355,12.519035],[104.330928,12.514305],[104.332823,12.516742],[104.339128,12.510006],[104.346143,12.511728],[104.35026,12.502411],[104.354936,12.503845],[104.361234,12.499546],[104.366791,12.499404],[104.377924,12.491092],[104.385818,12.49224],[104.388151,12.495108],[104.395621,12.489518],[104.4003,12.489519],[104.405852,12.491528],[104.408768,12.495399],[104.412429,12.492819],[104.412717,12.494826],[104.417984,12.49368],[104.434646,12.496981],[104.438596,12.496409],[104.445625,12.491536],[104.461701,12.49584],[104.470631,12.490825],[104.481453,12.489967],[104.465818,12.484373],[104.415426,12.460279],[104.401105,12.456835],[104.375517,12.457976],[104.334997,12.466139],[104.289178,12.487059],[104.260168,12.507552],[104.222826,12.52575],[104.146877,12.586229],[104.104353,12.616897],[104.073859,12.635526],[104.012939,12.690274],[103.986077,12.711914],[103.932896,12.762363],[103.900753,12.783429],[103.869324,12.807505],[103.829066,12.840324],[103.820821,12.8505],[103.804359,12.864401],[103.778939,12.883318],[103.742475,12.914274],[103.667067,12.969018],[103.647342,12.987793],[103.625136,13.00413],[103.396017,13.194736],[103.377387,13.196452],[103.339051,13.207481],[103.309218,13.218369],[103.244488,13.272971],[103.231434,13.295188],[103.400405,13.366758],[103.4658,13.4492],[103.470935,13.449488],[103.495014,13.42154],[103.529471,13.373382],[103.541552,13.36421],[103.561384,13.359197],[103.592995,13.346159],[103.614296,13.34043],[103.639159,13.326387],[103.663116,13.316932],[103.712187,13.300601],[103.752129,13.290575],[103.813542,13.266649],[103.823078,13.265791],[103.839824,13.259487],[103.863163,13.254332],[103.883703,13.252186],[103.895449,13.248605],[103.913228,13.240008],[103.946267,13.228547],[103.966116,13.21479],[103.987567,13.203183],[104.019464,13.181401],[104.061092,13.142275],[104.074911,13.130667],[104.088278,13.122498],[104.163704,13.048258],[104.204735,12.998524],[104.267239,12.911809],[104.297008,12.897337],[104.326006,12.896914],[104.34652,12.892474],[104.372909,12.880295],[104.389605,12.879295],[104.423905,12.863964],[104.501362,12.78829],[104.512661,12.773814],[104.529425,12.730668],[104.546785,12.678204],[104.574242,12.619722],[104.586116,12.604385],[104.63986,12.562107],[104.650999,12.544621],[104.657035,12.514088],[104.67906,12.439978],[104.69343,12.403139],[104.688338,12.383069],[104.66763,12.345219],[104.665439,12.344358],[104.651982,12.353243],[104.643052,12.364853],[104.631159,12.403413],[104.628768,12.440684],[104.619802,12.474227],[104.607202,12.491714],[104.588617,12.501171],[104.563306,12.509194],[104.540912,12.5208],[104.520876,12.521513],[104.510362,12.51334],[104.510792,12.51764],[104.519255,12.52825],[104.516301,12.544162],[104.509284,12.542297],[104.513239,12.539144],[104.514577,12.527246],[104.512685,12.522515],[104.507719,12.518786],[104.500438,12.502299],[104.490932,12.503157],[104.486673,12.512761],[104.488718,12.513478],[104.4937,12.508462],[104.497052,12.514627],[104.501,12.514771],[104.493678,12.520217],[104.494257,12.523084],[104.476128,12.520787],[104.473649,12.516916],[104.461235,12.508885],[104.453488,12.507737],[104.447487,12.510172],[104.446451,12.51605],[104.443679,12.512895],[104.438403,12.518342],[104.430499,12.521637],[104.424194,12.52952],[104.424934,12.525076],[104.412779,12.532671],[104.42978,12.515903],[104.409879,12.521776],[104.404601,12.527652],[104.400918,12.539407],[104.405,12.545285],[104.411431,12.547006],[104.419335,12.544428],[104.42725,12.536258],[104.428574,12.532531],[104.429883,12.536259],[104.433839,12.532676],[104.439389,12.535974],[104.443344,12.533108],[104.443497,12.529954],[104.448763,12.529525],[104.453012,12.525656],[104.453003,12.529956],[104.460032,12.52537],[104.463677,12.530962],[104.466458,12.529816],[104.466173,12.525945],[104.472016,12.529244],[104.475236,12.527954],[104.481082,12.530106],[104.481074,12.533833],[104.486906,12.543295],[104.486168,12.546592],[104.491582,12.54559],[104.49788,12.540574],[104.504307,12.544589],[104.509843,12.556489],[104.520785,12.57183],[104.533948,12.572406],[104.547532,12.583304],[104.548391,12.594629],[104.555983,12.602945],[104.554919,12.626599],[104.552282,12.628892],[104.550366,12.637206],[104.545532,12.640645],[104.545967,12.643082],[104.541574,12.645375],[104.540402,12.646378]]]}},{"type":"Feature","properties":{"id":"pdf-pa-41","name":"PDF extracted protected area 41","category":"PDF extracted candidate","source_layer":"Natural protected areas","review_status":"Needs admin review","original_vertices":1456,"vertices":115,"bbox":[105.37201,11.36453,105.44,11.49943]},"geometry":{"type":"Polygon","coordinates":[[[105.403914,11.499431],[105.405077,11.497711],[105.403471,11.49556],[105.397931,11.492979],[105.396903,11.487101],[105.399817,11.487675],[105.400833,11.485238],[105.398357,11.485381],[105.39879,11.4828],[105.401995,11.483231],[105.402427,11.479647],[105.404466,11.479361],[105.406207,11.475204],[105.409418,11.478932],[105.406215,11.480508],[105.410006,11.482373],[105.41146,11.480796],[105.408685,11.476351],[105.413055,11.476352],[105.413924,11.473199],[105.41116,11.475205],[105.407081,11.475061],[105.406933,11.473627],[105.402856,11.47463],[105.400516,11.468322],[105.40299,11.466602],[105.398473,11.465884],[105.396875,11.468751],[105.396432,11.46445],[105.387984,11.464305],[105.387534,11.456134],[105.396273,11.455706],[105.396568,11.458429],[105.399629,11.459434],[105.399195,11.461584],[105.400943,11.461584],[105.401666,11.458574],[105.403124,11.459148],[105.401955,11.456997],[105.403988,11.452553],[105.400919,11.446102],[105.402951,11.441658],[105.405282,11.441802],[105.407311,11.435351],[105.407007,11.42718],[105.401323,11.424312],[105.405835,11.422736],[105.404084,11.420728],[105.420542,11.421305],[105.422438,11.423312],[105.421847,11.417721],[105.413686,11.414279],[105.416295,11.406395],[105.407701,11.40539],[105.411049,11.4041],[105.411476,11.397793],[105.419189,11.394927],[105.41714,11.388332],[105.426309,11.385467],[105.43942,11.38891],[105.439998,11.38676],[105.438104,11.386043],[105.437654,11.378158],[105.433873,11.380594],[105.431832,11.379447],[105.430671,11.381454],[105.423971,11.380449],[105.423672,11.375862],[105.409993,11.380877],[105.404751,11.380876],[105.40431,11.377865],[105.400233,11.377864],[105.400666,11.375714],[105.397458,11.372273],[105.388284,11.371554],[105.387113,11.36797],[105.393369,11.364531],[105.382451,11.365962],[105.372707,11.373702],[105.37853,11.372843],[105.376932,11.375709],[105.38364,11.382592],[105.383643,11.384169],[105.378252,11.382017],[105.374033,11.384884],[105.372875,11.389327],[105.376089,11.396639],[105.372012,11.397068],[105.373037,11.401083],[105.383374,11.399651],[105.385586,11.418574],[105.383117,11.423448],[105.384866,11.424452],[105.388086,11.434917],[105.386496,11.442945],[105.381693,11.445381],[105.381844,11.448822],[105.37821,11.454269],[105.37486,11.454268],[105.373707,11.462726],[105.383614,11.464591],[105.387843,11.467746],[105.388283,11.470183],[105.391049,11.46875],[105.396295,11.470615],[105.397613,11.474916],[105.40155,11.477783],[105.397331,11.48151],[105.394428,11.488104],[105.392098,11.488677],[105.396034,11.490828],[105.396192,11.498426],[105.400268,11.496563],[105.403331,11.499431],[105.403914,11.499431]]]}},{"type":"Feature","properties":{"id":"pdf-pa-42","name":"PDF extracted protected area 42","category":"PDF extracted candidate","source_layer":"Natural protected areas","review_status":"Needs admin review","original_vertices":52,"vertices":29,"bbox":[106.31103,14.03017,106.35947,14.08364]},"geometry":{"type":"Polygon","coordinates":[[[106.325943,14.081204],[106.336367,14.077049],[106.333218,14.065149],[106.3404,14.060133],[106.347787,14.066443],[106.34866,14.064579],[106.351758,14.066444],[106.356743,14.063148],[106.35083,14.057555],[106.355362,14.051966],[106.359474,14.05082],[106.351459,14.036482],[106.352777,14.035479],[106.348653,14.034331],[106.345691,14.030173],[106.338787,14.031891],[106.336609,14.037482],[106.33911,14.037626],[106.3403,14.040207],[106.333126,14.046799],[106.327599,14.05927],[106.311901,14.067581],[106.311034,14.070735],[106.313118,14.075609],[106.318567,14.077044],[106.31991,14.080772],[106.32419,14.08364],[106.326979,14.082494],[106.325943,14.081204]]]}},{"type":"Feature","properties":{"id":"pdf-pa-43","name":"PDF extracted protected area 43","category":"PDF extracted candidate","source_layer":"Natural protected areas","review_status":"Needs admin review","original_vertices":29,"vertices":12,"bbox":[106.61247,13.78438,106.63049,13.80072]},"geometry":{"type":"Polygon","coordinates":[[[106.612471,13.78581],[106.612903,13.784376],[106.616138,13.784807],[106.61703,13.786528],[106.622618,13.787246],[106.623833,13.793697],[106.630454,13.795132],[106.630489,13.800723],[106.622987,13.799575],[106.614716,13.792548],[106.613072,13.78796],[106.612471,13.78581]]]}},{"type":"Feature","properties":{"id":"pdf-pa-44","name":"PDF extracted protected area 44","category":"PDF extracted candidate","source_layer":"Natural protected areas","review_status":"Needs admin review","original_vertices":626,"vertices":37,"bbox":[103.55924,13.05129,103.70569,13.21888]},"geometry":{"type":"Polygon","coordinates":[[[103.645722,13.218875],[103.664869,13.201964],[103.668378,13.203828],[103.677062,13.197093],[103.681745,13.198814],[103.68865,13.196092],[103.694268,13.186489],[103.702921,13.155957],[103.700753,13.149649],[103.701257,13.13646],[103.705686,13.10005],[103.701164,13.095605],[103.642098,13.067638],[103.617115,13.053154],[103.61199,13.052436],[103.60553,13.054872],[103.589137,13.051285],[103.576644,13.058306],[103.571192,13.063896],[103.563058,13.077512],[103.559239,13.106182],[103.563453,13.13987],[103.567934,13.151626],[103.582606,13.176572],[103.605784,13.201664],[103.609288,13.204388],[103.616175,13.20525],[103.613827,13.20568],[103.621021,13.203818],[103.62935,13.209267],[103.630501,13.213424],[103.631814,13.214715],[103.633581,13.213282],[103.635466,13.217296],[103.642213,13.216867],[103.64543,13.218588],[103.645722,13.218875]]]}},{"type":"Feature","properties":{"id":"pdf-pa-45","name":"PDF extracted protected area 45","category":"PDF extracted candidate","source_layer":"Natural protected areas","review_status":"Needs admin review","original_vertices":102,"vertices":43,"bbox":[104.88584,12.28735,105.00581,12.42355]},"geometry":{"type":"Polygon","coordinates":[[[104.966336,12.423553],[104.974962,12.411657],[104.989288,12.41123],[104.99455,12.414385],[104.999082,12.413669],[105.001859,12.41539],[105.004052,12.413813],[105.003613,12.408222],[105.005806,12.404065],[105.002297,12.397184],[104.992796,12.389154],[104.993235,12.374102],[104.990605,12.37023],[104.991628,12.362346],[104.97336,12.354171],[104.965906,12.354313],[104.966199,12.351016],[104.929667,12.334666],[104.920033,12.296531],[104.889353,12.28735],[104.885839,12.302975],[104.895189,12.308138],[104.892704,12.311291],[104.896209,12.316166],[104.89942,12.325771],[104.897957,12.329928],[104.903505,12.342401],[104.905697,12.342832],[104.916798,12.363764],[104.92162,12.365915],[104.918109,12.376236],[104.925269,12.383262],[104.922344,12.388709],[104.941346,12.389143],[104.940321,12.395594],[104.947191,12.396455],[104.949528,12.40434],[104.953914,12.403338],[104.954936,12.410076],[104.951573,12.415522],[104.955665,12.420541],[104.964143,12.423266],[104.966336,12.423553]]]}},{"type":"Feature","properties":{"id":"pdf-pa-46","name":"PDF extracted protected area 46","category":"PDF extracted candidate","source_layer":"Natural protected areas","review_status":"Needs admin review","original_vertices":45,"vertices":25,"bbox":[104.97598,12.41625,105.04148,12.46643]},"geometry":{"type":"Polygon","coordinates":[[[105.041479,12.444929],[105.038991,12.428299],[105.016624,12.421844],[105.015601,12.423707],[104.999374,12.418543],[104.994696,12.418972],[104.991626,12.416248],[104.990018,12.421121],[104.98841,12.419401],[104.981832,12.420689],[104.983293,12.425851],[104.979785,12.42413],[104.980223,12.427713],[104.975983,12.432873],[104.978468,12.438608],[104.976421,12.446062],[104.981099,12.44893],[104.984315,12.445777],[104.988555,12.444918],[104.999228,12.453665],[105.006245,12.454383],[105.006392,12.462124],[105.01341,12.466426],[105.03344,12.462273],[105.041479,12.444929]]]}},{"type":"Feature","properties":{"id":"pdf-pa-47","name":"PDF extracted protected area 47","category":"PDF extracted candidate","source_layer":"Natural protected areas","review_status":"Needs admin review","original_vertices":239,"vertices":49,"bbox":[104.35198,12.95457,104.51916,13.02006]},"geometry":{"type":"Polygon","coordinates":[[[104.365112,13.017339],[104.365127,13.011175],[104.375529,13.011177],[104.376562,13.008167],[104.37468,12.998418],[104.380686,12.998993],[104.38829,13.005016],[104.389599,13.00903],[104.396038,13.012328],[104.409955,13.013335],[104.41463,13.01907],[104.423864,13.017782],[104.425482,13.014772],[104.430172,13.014056],[104.43282,13.008896],[104.431799,13.006746],[104.43694,13.000439],[104.440605,12.999436],[104.439878,12.996999],[104.441784,12.995996],[104.448219,13.001588],[104.45188,13.002449],[104.457893,12.999297],[104.465363,13.000302],[104.477528,12.997294],[104.484413,12.998013],[104.491728,13.003318],[104.501418,12.992282],[104.516068,12.992572],[104.519158,12.984688],[104.518582,12.979528],[104.516833,12.97451],[104.513312,12.977376],[104.508189,12.975225],[104.505268,12.970063],[104.505716,12.965763],[104.47056,12.965468],[104.456518,12.95543],[104.45124,12.957436],[104.441432,12.954567],[104.438934,12.958294],[104.421775,12.967608],[104.415201,12.959865],[104.369742,12.980498],[104.357883,12.977628],[104.351977,12.996406],[104.353531,13.02006],[104.36511,13.018486],[104.365112,13.017339]]]}},{"type":"Feature","properties":{"id":"pdf-pa-48","name":"PDF extracted protected area 48","category":"PDF extracted candidate","source_layer":"Natural protected areas","review_status":"Needs admin review","original_vertices":133,"vertices":19,"bbox":[104.84682,13.03725,104.9286,13.09357]},"geometry":{"type":"Polygon","coordinates":[[[104.877878,13.093574],[104.887552,13.090279],[104.885795,13.085691],[104.886677,13.079384],[104.90002,13.060751],[104.928305,13.050005],[104.928599,13.045705],[104.924645,13.037246],[104.890798,13.037525],[104.867345,13.055726],[104.864412,13.060456],[104.850055,13.053285],[104.846821,13.07149],[104.854876,13.07952],[104.855899,13.084394],[104.872604,13.088985],[104.874215,13.091996],[104.877878,13.09343],[104.877878,13.093574]]]}},{"type":"Feature","properties":{"id":"pdf-pa-49","name":"PDF extracted protected area 49","category":"PDF extracted candidate","source_layer":"Natural protected areas","review_status":"Needs admin review","original_vertices":201,"vertices":57,"bbox":[104.57306,12.9837,104.73882,13.13654]},"geometry":{"type":"Polygon","coordinates":[[[104.704256,13.050529],[104.700888,13.048521],[104.700013,13.044937],[104.69151,13.048806],[104.68389,13.049521],[104.661626,13.041918],[104.657536,13.032313],[104.657559,13.01425],[104.651415,13.006938],[104.632379,12.999766],[104.629165,12.993314],[104.62111,12.991879],[104.61174,12.987146],[104.603817,12.995459],[104.598845,12.989293],[104.583032,12.983699],[104.583169,12.989863],[104.581115,12.992013],[104.578917,12.991869],[104.576435,12.987138],[104.573059,12.990721],[104.573638,12.995022],[104.583582,13.006922],[104.58445,13.01409],[104.58767,13.015811],[104.586202,13.017818],[104.590153,13.020973],[104.588828,13.025273],[104.59234,13.027997],[104.59864,13.028142],[104.597765,13.025418],[104.599522,13.025992],[104.601274,13.030436],[104.603033,13.030293],[104.602163,13.023986],[104.59616,13.021404],[104.594991,13.018823],[104.605683,13.021693],[104.610803,13.027285],[104.610503,13.031872],[104.616504,13.036174],[104.621891,13.060259],[104.629201,13.072445],[104.633278,13.091082],[104.641327,13.099972],[104.644258,13.100116],[104.686278,13.136537],[104.700801,13.126219],[104.701547,13.114034],[104.704484,13.109017],[104.719151,13.099703],[104.732207,13.087664],[104.73471,13.076196],[104.73882,13.068886],[104.738675,13.066879],[104.705428,13.051103],[104.704256,13.050529]]]}}]}